Бетоны для монолитных бетонных работ,шт,2775,1248,7192,1167,5283,4,1,2,A bove maiore discit arare minor — У взрослого вола учится пахать подрастающий; потомки учатся у предков,товар со склада продавца.,Henri Lloyd,A bove maiore discit arare minor — У взрослого вола учится пахать подрастающий; потомки учатся у предков,5,3,8.7.2011,26.7.2011,10,20,3
Железобетонные балки,л,8012,6233,9756,6075,2134,2,8,5,A capite foetet piscis — рыба гниет с головы,товар доставляется перевозчику заказчика.,Magnitov.net,A capite foetet piscis — рыба гниет с головы,5,1,12.7.2011,22.7.2011,32,8,5
Железобетонные колонны,кг,6956,5927,6711,4340,6930,5,8,9,A capillis usque ad ungues — от волос до ногтей,товар доставляется к кораблю заказчика.,Polyflor,A capillis usque ad ungues — от волос до ногтей,5,1,8.7.2011,5.8.2011,29,16,27
Бетонные фундаментные блоки,м,1652,7110,6952,3174,1522,4,5,5,A capite ad calcem — с ног до головы,товар погружается на корабль заказчика.,PromoVere,A capite ad calcem — с ног до головы,6,1,13.7.2011,12.8.2011,36,6,22
Железобетонные ступени,км,3771,3255,3127,1183,8631,4,8,5,A casu ad casum — от случая к случаю,товар доставляется до порта заказчика (без выгрузки).,Москва,A casu ad casum — от случая к случаю,5,2,29.6.2011,15.7.2011,40,2,2
Бетонные и железобетонные элементы зданий,шт,1613,8378,7764,5764,6958,3,4,3,A contrario — от противного (метод доказательства),товар страхуется и доставляется до порта заказчика (без выгрузки).,Red Fox,A contrario — от противного (метод доказательства),6,4,14.7.2011,1.8.2011,4,18,18
Асфальтобетоны и асфальт,л,7090,7389,9232,1589,1238,2,6,1,A fonte puro pura defluit aqua — Из чистого источника чистая вода и вытекает,товар доставляется перевозчику заказчика в указанном месте назначения,Санкт-Петербург,A fonte puro pura defluit aqua — Из чистого источника чистая вода и вытекает,5,1,21.7.2011,3.8.2011,9,7,35
Керамзитобетонные блоки,кг,257,2828,5910,5688,7271,3,3,4,A fructibus arborem aestima — Дерево оценивают по его плодам,товар страхуется и доставляется перевозчику заказчика в указанном месте назначения,Sportego,A fructibus arborem aestima — Дерево оценивают по его плодам,5,2,3.7.2011,1.8.2011,27,18,35
Газобетонные блоки,м,7713,8648,8430,9496,8787,2,8,10,A Jove principum! — Начинай каждое дело с молитвой ,Поставка в месте назначения,Санкт-Петербург,A Jove principum! — Начинай каждое дело с молитвой ,5,2,20.7.2011,7.8.2011,20,6,1
Легкобетонные пустотные вкладыши для перекрытий,км,1889,6219,3632,3497,3972,4,2,9,A limine — с порога,Поставка на терминале. Экспортные платежи лежат на продавцеа импортные на покупателе.Терминал находится на границенужно указать название терминала.,WDMobile,A limine — с порога,5,2,4.7.2011,24.7.2011,28,20,26
Бетонные плиты,шт,6680,1153,6477,5434,9595,3,8,1,А linea — с новой строки,товар доставляется заказчику очищенный от пошлин и рисков,Авторское ателье,А linea — с новой строки,5,2,3.7.2011,14.7.2011,1,27,39
 Внутренние системы гидроизоляции подвалов,л,8097,6113,8762,1830,48,4,6,9,A maximis ad minima — от большого к малому,товар со склада продавца.,Ева,A maximis ad minima — от большого к малому,5,4,18.7.2011,7.8.2011,2,32,5
Противогрибковые и противоплесневые материалы,кг,4433,1500,2916,1634,1821,2,8,2,A minori ad majus — По меньшему заключать о большем,товар доставляется перевозчику заказчика.,Завод акустических конструкций,A minori ad majus — По меньшему заключать о большем,6,3,9.7.2011,2.8.2011,5,2,1
Утеплитель минераловатный жесткий,м,7504,9725,8366,4919,7705,2,6,2,A nullo diligitur qui neminem diligit — никто не любит того кто сам никого не любит,товар доставляется к кораблю заказчика.,Завод резиновой обуви Треугольник,A nullo diligitur qui neminem diligit — никто не любит того кто сам никого не любит,5,4,4.7.2011,16.7.2011,40,36,18
Утеплитель светопрозрачный,км,5366,1883,9781,4093,6109,3,5,10,А pedibus usque ad caput — с ног до головы,товар со склада продавца.,Здравый промысел,А pedibus usque ad caput — с ног до головы,5,2,13.7.2011,11.8.2011,5,6,26
Фольгоизол,шт,1622,9716,5857,8177,8348,4,6,1,A potiori fit denominatio — Заглавие наименование делается по главному предмету или основной идее сочинения,товар доставляется перевозчику заказчика.,Золотой жук,A potiori fit denominatio — Заглавие наименование делается по главному предмету или основной идее сочинения,6,3,29.6.2011,28.7.2011,6,17,27
Пенопласты,л,8154,8355,3095,6420,791,3,10,2,А posteriori — исходя из опыта на основании опыта,товар доставляется к кораблю заказчика.,Ивспецпошив,А posteriori — исходя из опыта на основании опыта,6,3,29.6.2011,12.7.2011,11,30,28
Пароизоляционная пленка,кг,5501,9582,7346,7470,8863,2,8,9,A posse ad esse non valet consequential — Из возможности какого-либо действия или факта нельзя еще заключать что данное действие или данный факт действительно имел место,товар погружается на корабль заказчика.,Иваново,A posse ad esse non valet consequential — Из возможности какого-либо действия или факта нельзя еще заключать что данное действие или данный факт действительно имел место,5,1,12.7.2011,7.8.2011,10,1,18
Теплоизоляция с алюминиевой фольгой,м,4001,4540,7190,3485,118,5,6,2,А prima facie — на первый взгляд,товар доставляется до порта заказчика (без выгрузки).,Илим Гофра,А prima facie — на первый взгляд,6,4,13.7.2011,31.7.2011,11,8,29
Звукоизоляционные материалы для пола,км,7757,9659,2847,4742,2888,1,5,8,А priori — заранее до опыта без проверки независимо от опыта,товар страхуется и доставляется до порта заказчика (без выгрузки).,Санкт-Петербург,А priori — заранее до опыта без проверки независимо от опыта,6,2,9.7.2011,31.7.2011,2,18,20
Звукопоглотители звукопоглощающие материалы,шт,9684,6047,6556,5943,5617,3,3,3,Ab imo pectore — с полной искренностью от души,товар доставляется перевозчику заказчика в указанном месте назначения,Ильма,Ab imo pectore — с полной искренностью от души,5,2,9.7.2011,31.7.2011,19,17,28
Ветрозащитные пленки и материалы,л,3016,98,3267,7386,2699,4,9,7,Barbarus hic ego sum quia non intelligorulli — Я здесь варвар (чужой) потому что меня никто не понимает,товар страхуется и доставляется перевозчику заказчика в указанном месте назначения,Имидж Веар,Barbarus hic ego sum quia non intelligorulli — Я здесь варвар (чужой) потому что меня никто не понимает,6,2,30.6.2011,15.7.2011,16,37,40
Гидроизоляция бассейнов,кг,6548,7888,7446,8299,9128,1,7,5,Barba crescit caput nescit — Борода растет а голова глупеет,Поставка в месте назначения,Императорский фарфоровый завод,Barba crescit caput nescit — Борода растет а голова глупеет,5,3,29.6.2011,23.7.2011,15,28,37
Связи и элементы облицовки стен,м,7784,658,3907,969,6293,2,2,6,Barba philosophum non facit — Борода не делает философом,Поставка на терминале. Экспортные платежи лежат на продавцеа импортные на покупателе.Терминал находится на границенужно указать название терминала.,ИП Капитонова Олеся Александровна,Barba philosophum non facit — Борода не делает философом,5,4,18.7.2011,30.7.2011,23,35,2
Термоизолирующее покрытие,км,2787,8310,3551,5584,1035,2,2,9,Beata stultica — блаженная глупость,товар доставляется заказчику очищенный от пошлин и рисков,Санкт-Петербург,Beata stultica — блаженная глупость,5,4,28.6.2011,24.7.2011,10,39,18
 Двери входные деревянные,шт,4101,7348,9130,4432,2216,1,9,7,Beata solitudo — Благословенное одиночество,товар со склада продавца.,Исполать,Beata solitudo — Благословенное одиночество,6,3,30.6.2011,22.7.2011,36,4,18
Двери входные стальные,л,8846,9653,6584,9780,795,1,8,6,Beatae memoriae — Блаженной памяти,товар доставляется перевозчику заказчика.,Квалитас,Beatae memoriae — Блаженной памяти,5,1,8.7.2011,23.7.2011,19,16,32
Двери входные бронированные,кг,9555,9478,9586,7547,1055,4,9,3,Beate vivere est honeste vivere — Жить счастливо - значит жить красиво,товар доставляется к кораблю заказчика.,Кожгалантерейное предприятие им. Августа Бебеля,Beate vivere est honeste vivere — Жить счастливо - значит жить красиво,6,2,5.7.2011,4.8.2011,20,3,27
Двери противопожарные,м,1800,855,871,1911,1781,3,6,1,Beati omnes esse volumus — все мы хотим быть счастливыми,товар со склада продавца.,Коммерческая группа Негоция,Beati omnes esse volumus — все мы хотим быть счастливыми,5,2,16.7.2011,7.8.2011,37,2,34
Двери входные из алюминиевых сплавов,км,8392,9489,5413,4610,7733,1,7,6,Beati pacifici — Блаженны миротворцы,товар доставляется перевозчику заказчика.,Компания Лена Баско,Beati pacifici — Блаженны миротворцы,6,2,5.7.2011,3.8.2011,36,7,29
Двери межкомнатные: деревянные из ПВХ,шт,9981,1061,1815,606,7526,5,6,2,Beati pauperes spiritu — Блаженны нищие духом,товар доставляется к кораблю заказчика.,Иваново,Beati pauperes spiritu — Блаженны нищие духом,5,1,29.6.2011,16.7.2011,2,30,39
Двери балконные: деревянные в алюминиевых конструкциях из ПВХ,л,9204,8862,9822,1200,2419,4,5,8,Bedti possidentes — Счастливы владеющие,товар погружается на корабль заказчика.,Конфлекс СПб,Bedti possidentes — Счастливы владеющие,5,3,6.7.2011,16.7.2011,40,39,31
Фурнитура,кг,234,5612,4239,8357,824,1,7,9,Beatitudo nоn est virtutis praemium sed ipsa virtus — Блаженство – не награда за добродетель а сама добродетель (Спиноза),товар доставляется до порта заказчика (без выгрузки).,Корпорация SELA,Beatitudo nоn est virtutis praemium sed ipsa virtus — Блаженство – не награда за добродетель а сама добродетель (Спиноза),5,2,26.6.2011,21.7.2011,8,12,26
Замки,м,5658,2215,3893,6665,1149,1,6,6,Beatus esse sine virtute nemo potest — Без добродетели никто не может быть счастлив,товар страхуется и доставляется до порта заказчика (без выгрузки).,Санкт-Петербург,Beatus esse sine virtute nemo potest — Без добродетели никто не может быть счастлив,6,2,6.7.2011,27.7.2011,31,31,26
Доводчики,км,5570,6765,8441,8103,736,3,9,3,Beatius est magis dare quam accipere — Счастлив тот кто больше дает чем получает,товар доставляется перевозчику заказчика в указанном месте назначения,Корсар,Beatius est magis dare quam accipere — Счастлив тот кто больше дает чем получает,5,1,29.6.2011,13.7.2011,11,5,18
Щебень из горных пород,шт,3137,5847,4927,3879,1810,2,2,4,Beatus ille qui procul negotiis — Блажен тот кто вдали от дел,товар страхуется и доставляется перевозчику заказчика в указанном месте назначения,Henri Lloyd,Beatus ille qui procul negotiis — Блажен тот кто вдали от дел,5,4,26.6.2011,21.7.2011,10,34,22
Керамзит,л,9437,1990,1284,6998,5132,1,9,4,Bella gerant alii Protesilaus amet — Войны пусть ведут другие Протезилай пусть любит,Поставка в месте назначения,Magnitov.net,Bella gerant alii Protesilaus amet — Войны пусть ведут другие Протезилай пусть любит,6,1,30.6.2011,27.7.2011,11,38,20
Вспученный перлит,кг,9245,6343,578,7724,6775,5,4,8,Bella gerant allii tu felix Austria nube; Nam quae Mars aliis dat tibi regna Venus — Войны пусть ведут другие а ты счастливая Австрия заключай браки ибо те владения которые другим дает Марс даст тебе Венера,Поставка на терминале. Экспортные платежи лежат на продавцеа импортные на покупателе.Терминал находится на границенужно указать название терминала.,Polyflor,Bella gerant allii tu felix Austria nube; Nam quae Mars aliis dat tibi regna Venus — Войны пусть ведут другие а ты счастливая Австрия заключай браки ибо те владения которые другим дает Марс даст тебе Венера,5,3,21.6.2011,6.7.2011,17,21,14
 Плитка керамическая для стен,м,8295,4174,9460,8945,7458,4,9,7,Bellum frigidum — холодная война,товар доставляется заказчику очищенный от пошлин и рисков,PromoVere,Bellum frigidum — холодная война,6,2,1.7.2011,31.7.2011,18,12,35
Плитка керамическая для пола,км,7343,4727,8834,2789,3083,1,9,7,Capiat qui сареrе potest — лови кто может поймать,товар со склада продавца.,Москва,Capiat qui сареrе potest — лови кто может поймать,5,2,8.7.2011,5.8.2011,15,25,16
Облицовочные керамические плиты,шт,5484,6143,1796,662,9451,4,7,10,Capienda rebus in malis praeceps via est — В беде следует принимать опасные решения,товар доставляется перевозчику заказчика.,Red Fox,Capienda rebus in malis praeceps via est — В беде следует принимать опасные решения,5,4,18.7.2011,6.8.2011,15,27,24
Мозаика,л,9492,4551,8259,8267,1131,5,7,7,Capita aut navim — Головы или корабль,товар доставляется к кораблю заказчика.,Санкт-Петербург,Capita aut navim — Головы или корабль,5,1,29.6.2011,26.7.2011,13,30,13
Каменные облицовочные плиты,кг,2091,5353,3259,3780,59,3,9,7,Caritas ex pax — Уважение и мир,товар со склада продавца.,Sportego,Caritas ex pax — Уважение и мир,6,4,12.7.2011,30.7.2011,3,11,16
Керамические блоки,м,7758,2518,8775,7662,6579,4,9,9,Саrре diem — лови день; пользуйся каждым днем; не откладывай на завтра то что должен сделать сегодня (Гораций),товар доставляется перевозчику заказчика.,Санкт-Петербург,Саrре diem — лови день; пользуйся каждым днем; не откладывай на завтра то что должен сделать сегодня (Гораций),5,2,23.6.2011,4.7.2011,19,3,6
Керамические пустотные вкладыши для перекрытий,км,6701,3340,8191,8318,4123,5,10,4,Castigare ridendo mores — смехом исправлять нравы,товар доставляется к кораблю заказчика.,WDMobile,Castigare ridendo mores — смехом исправлять нравы,6,1,2.7.2011,13.7.2011,33,24,18
Кирпич глиняный обыкновенный,шт,8975,8984,3449,545,4594,5,10,6,Castis omnia casta — Чистым (людям) все чисто,товар погружается на корабль заказчика.,Авторское ателье,Castis omnia casta — Чистым (людям) все чисто,5,1,5.7.2011,15.7.2011,18,3,20
Кирпич многопустотный,л,891,8484,1085,9898,5800,5,5,4,Casu — случайно,товар доставляется до порта заказчика (без выгрузки).,Ева,Casu — случайно,5,3,4.7.2011,27.7.2011,33,25,17
Кирпич облицовочный,кг,8769,1109,6816,8431,4006,2,9,2,Casus — случай,товар страхуется и доставляется до порта заказчика (без выгрузки).,Завод акустических конструкций,Casus — случай,5,2,9.7.2011,8.8.2011,1,9,10
Кирпич огнеупорный,м,8300,5324,1692,2627,5592,3,7,7,Casus belli — повод к войне к конфликту,товар доставляется перевозчику заказчика в указанном месте назначения,Завод резиновой обуви Треугольник,Casus belli — повод к войне к конфликту,5,4,9.7.2011,28.7.2011,7,26,17
Кирпич пористый эффективный,км,7181,7818,5822,346,1759,5,6,4,Cattus amat piscem sed non vult tingere plantam —,товар страхуется и доставляется перевозчику заказчика в указанном месте назначения,Здравый промысел,Cattus amat piscem sed non vult tingere plantam —,6,4,10.7.2011,2.8.2011,7,25,33
Кирпич силикатный,шт,1137,2455,5574,9971,9523,3,8,3,Causa causarum — Причина причин (главная причина),Поставка в месте назначения,Золотой жук,Causa causarum — Причина причин (главная причина),5,2,16.7.2011,13.8.2011,37,4,5
Кирпич цементно-песчаный,л,8320,6607,7249,9415,7042,2,8,2,Causa efficiens — Действующая причина,Поставка на терминале. Экспортные платежи лежат на продавцеа импортные на покупателе.Терминал находится на границенужно указать название терминала.,Ивспецпошив,Causa efficiens — Действующая причина,6,4,30.6.2011,21.7.2011,11,4,1
Клеящие мастики,кг,133,7302,7399,420,4831,4,9,10,Causa finita est — Вопрос решен,товар доставляется заказчику очищенный от пошлин и рисков,Иваново,Causa finita est — Вопрос решен,5,2,4.7.2011,28.7.2011,35,34,5
Клей для склейки бетона и газобетонных блоков,м,7918,5429,7492,6400,2878,2,3,5,Causa justa — Справедливая уважительная причина,товар со склада продавца.,Илим Гофра,Causa justa — Справедливая уважительная причина,6,2,11.7.2011,8.8.2011,35,5,37
Клеи для приклейки утеплителя и синтетической сетки,км,6073,1578,3274,5483,8394,4,5,9,Cautus enim metuit foveam lupus —,товар доставляется перевозчику заказчика.,Санкт-Петербург,Cautus enim metuit foveam lupus —,5,3,29.6.2011,28.7.2011,27,22,5
Клеи отверждающиеся термореактивные,шт,5483,6700,2928,2739,5680,3,8,3,Carthagenem esse delendam — карфаген должен быть разрушен,товар доставляется к кораблю заказчика.,Ильма,Carthagenem esse delendam — карфаген должен быть разрушен,6,3,24.6.2011,20.7.2011,30,31,10
Клеи на органических растворителях (синтетические полимерные),л,2974,9325,377,3855,6598,2,6,1,Causa causalis — причина причин главная причина,товар со склада продавца.,Имидж Веар,Causa causalis — причина причин главная причина,6,1,7.7.2011,1.8.2011,21,6,11
Клеи вододисперсионные (синтетические полимерные),кг,785,346,7771,9121,3897,1,5,6,De actu et visu — по опыту и наблюдениям,товар доставляется перевозчику заказчика.,Императорский фарфоровый завод,De actu et visu — по опыту и наблюдениям,5,3,19.7.2011,9.8.2011,13,33,25
Клеи натуральные,м,6326,2452,9111,4002,8760,3,8,2,Debes ergo potes — должен значит можешь,товар доставляется к кораблю заказчика.,ИП Капитонова Олеся Александровна,Debes ergo potes — должен значит можешь,5,3,24.6.2011,4.7.2011,18,28,32
Клей силикатный (жидкое стекло),км,1728,5571,3299,6578,3607,3,6,9,Debito tempore — в должное врeмя,товар погружается на корабль заказчика.,Санкт-Петербург,Debito tempore — в должное врeмя,6,3,9.7.2011,4.8.2011,4,12,4
Битум битумные мастики и эмульсии,шт,9635,1574,268,8000,167,2,8,4,De die in diem — изо дня в день,товар доставляется до порта заказчика (без выгрузки).,Исполать,De die in diem — изо дня в день,5,4,14.7.2011,10.8.2011,23,29,38
Водоотталкивающие силоксановые пропитки,л,2860,736,8941,5677,5448,2,1,4,De (ех) nihilo nihil — из ничего — ничто; ничто не возникает из ничего (Лукреций),товар страхуется и доставляется до порта заказчика (без выгрузки).,Квалитас,De (ех) nihilo nihil — из ничего — ничто; ничто не возникает из ничего (Лукреций),6,2,12.7.2011,31.7.2011,22,34,6
Олифа,кг,1743,8231,2101,8679,7882,4,2,4,De facto — фактически на деле,товар доставляется перевозчику заказчика в указанном месте назначения,Кожгалантерейное предприятие им. Августа Бебеля,De facto — фактически на деле,5,2,6.7.2011,25.7.2011,14,4,2
Очистители,м,5083,5456,9634,6633,6493,3,6,8,De gustibus et coloribus (non) est disputandum — о вкусах и цветах (не) спорят,товар страхуется и доставляется перевозчику заказчика в указанном месте назначения,Коммерческая группа Негоция,De gustibus et coloribus (non) est disputandum — о вкусах и цветах (не) спорят,6,1,14.7.2011,3.8.2011,21,14,37
Растворители,км,230,1789,6861,5406,1736,2,7,9,Dе jure — юридически по праву,Поставка в месте назначения,Компания Лена Баско,Dе jure — юридически по праву,6,1,26.6.2011,9.7.2011,17,4,11
Политура,шт,4551,3489,9200,1088,6912,5,10,7,De lana caprina — о пустяках (доcл.; о козьей шерсти),Поставка на терминале. Экспортные платежи лежат на продавцеа импортные на покупателе.Терминал находится на границенужно указать название терминала.,Иваново,De lana caprina — о пустяках (доcл.; о козьей шерсти),6,4,5.7.2011,1.8.2011,7,37,26
Морилка,л,7651,5472,9570,5091,7854,4,5,7,De lingua slulta incommoda multa — из-за пустых (глупых) слов бывают большие неприятности,товар доставляется заказчику очищенный от пошлин и рисков,Конфлекс СПб,De lingua slulta incommoda multa — из-за пустых (глупых) слов бывают большие неприятности,6,3,1.7.2011,29.7.2011,26,21,5
Колеры,кг,613,5781,8676,6380,1819,1,4,10,Demon est deus inversus зло — это добро наоборот,товар со склада продавца.,Корпорация SELA,Demon est deus inversus зло — это добро наоборот,5,3,20.7.2011,30.7.2011,5,18,22
Лаки мебельные,м,4320,8086,1703,7558,9741,3,9,7,De mortuis aut bene aut nihil — об умерших не злословить (досл.; о мертвых или хорошо или ничего),товар доставляется перевозчику заказчика.,Санкт-Петербург,De mortuis aut bene aut nihil — об умерших не злословить (досл.; о мертвых или хорошо или ничего),6,4,26.6.2011,16.7.2011,10,4,26
Лаки паркетные,км,9266,6063,9447,687,1886,3,3,6,De non apparentibus et non existentibus eadem est ratio — отношение к неявившимся и к несуществующим одинаково,товар доставляется к кораблю заказчика.,Корсар,De non apparentibus et non existentibus eadem est ratio — отношение к неявившимся и к несуществующим одинаково,6,1,5.7.2011,19.7.2011,18,15,20
Эмали,шт,5732,7214,2196,8528,5602,4,1,8,Desiderata — пожелания намерения,товар со склада продавца.,Henri Lloyd,Desiderata — пожелания намерения,5,2,26.6.2011,25.7.2011,6,3,33
Краски масляные,л,7412,6522,2928,8345,6772,1,8,6,Des partem leonis — отдай львиную долю,товар доставляется перевозчику заказчика.,Magnitov.net,Des partem leonis — отдай львиную долю,6,1,20.7.2011,4.8.2011,31,34,39
Краски водоэмульсионные,кг,8544,9173,5187,9033,9595,1,5,2,Detur digniori — да будет дано достойнейшему,товар доставляется к кораблю заказчика.,Polyflor,Detur digniori — да будет дано достойнейшему,6,3,26.6.2011,20.7.2011,15,33,11
Фасадные краски стеновые цокольные,м,8886,3195,5816,5067,7328,2,1,10,Edimus ut vivamus; nоn vivimus ut edamus — мы едим чтобы жить но не живем чтобы есть,товар погружается на корабль заказчика.,PromoVere,Edimus ut vivamus; nоn vivimus ut edamus — мы едим чтобы жить но не живем чтобы есть,5,2,13.7.2011,23.7.2011,34,8,5
Лаки водно-дисперсионные,км,581,7058,8747,8991,7065,3,8,10,Е fructu arbor cognoscitur — по плоду узнается дерево (яблоко от яблони недалеко падает),товар доставляется до порта заказчика (без выгрузки).,Москва,Е fructu arbor cognoscitur — по плоду узнается дерево (яблоко от яблони недалеко падает),5,2,15.7.2011,2.8.2011,12,39,13
Лаки полиуретановые,шт,2233,3221,5747,3859,5126,4,9,8,Ego te intus et in cute novi — знаю тебя и под кожей и снаружи (вижу тебя насквозь),товар страхуется и доставляется до порта заказчика (без выгрузки).,Red Fox,Ego te intus et in cute novi — знаю тебя и под кожей и снаружи (вижу тебя насквозь),5,2,14.7.2011,11.8.2011,22,7,17
Огнезащитные краски,л,3255,6115,8145,9947,8443,4,9,2,Elephantum ех musca facis — делаешь из мухи слона,товар доставляется перевозчику заказчика в указанном месте назначения,Санкт-Петербург,Elephantum ех musca facis — делаешь из мухи слона,5,1,19.7.2011,11.8.2011,7,17,5
Гвозди,кг,5179,2694,9302,9125,3528,2,10,9,Ео ipso — вследствие этого тем самым,товар страхуется и доставляется перевозчику заказчика в указанном месте назначения,Sportego,Ео ipso — вследствие этого тем самым,6,2,17.7.2011,11.8.2011,31,31,11
Шурупы,м,4134,5482,3344,3255,1623,1,10,1,Epistula nоn erubescit — бумага не краснеет бумага все терпит (Цицерон),Поставка в месте назначения,Санкт-Петербург,Epistula nоn erubescit — бумага не краснеет бумага все терпит (Цицерон),6,4,21.7.2011,9.8.2011,31,3,11
Болты - тайки - шайбы,км,7421,2873,2109,7378,6777,5,10,9,Errare humanum est- человеку свойственно ошибаться,Поставка на терминале. Экспортные платежи лежат на продавцеа импортные на покупателе.Терминал находится на границенужно указать название терминала.,WDMobile,Errare humanum est- человеку свойственно ошибаться,5,3,6.7.2011,3.8.2011,22,25,4
Дюбели,шт,4572,943,2922,5908,272,4,1,4,Errata — ошибки опечатки,товар доставляется заказчику очищенный от пошлин и рисков,Авторское ателье,Errata — ошибки опечатки,6,3,16.7.2011,7.8.2011,20,3,32
Листовые материалы,л,6322,163,2652,9155,4993,1,9,10,Esse quam videri — быть а не казаться,товар со склада продавца.,Ева,Esse quam videri — быть а не казаться,5,3,14.7.2011,5.8.2011,1,21,26
Рулонные материалы,кг,4245,4964,901,5345,5814,4,1,7,Est modus in rebus — всему есть предел; все имеет свою меру (Гораций),товар доставляется перевозчику заказчика.,Завод акустических конструкций,Est modus in rebus — всему есть предел; все имеет свою меру (Гораций),6,2,24.6.2011,8.7.2011,25,35,32
Черепица,м,2981,7327,5098,2361,9633,5,6,2,Est rerum omnium magister usus — опыт — всему учитель (Цезарь),товар доставляется к кораблю заказчика.,Завод резиновой обуви Треугольник,Est rerum omnium magister usus — опыт — всему учитель (Цезарь),6,3,24.6.2011,15.7.2011,8,1,14
Мембраны полимерные и резиновые,км,6069,7580,5650,4572,6421,5,10,8,Et cetera (etc.) — и так далее и прочее,товар со склада продавца.,Здравый промысел,Et cetera (etc.) — и так далее и прочее,5,1,21.6.2011,9.7.2011,39,30,33
Мастика для заклейки рулонных кровель,шт,7144,1341,2119,6105,6243,1,1,5,Et gaudium et solatium in litteris — и радость и утешение в науках(Плиний),товар доставляется перевозчику заказчика.,Золотой жук,Et gaudium et solatium in litteris — и радость и утешение в науках(Плиний),6,1,26.6.2011,13.7.2011,8,38,33
Мастика для жидких кровель,л,13,356,5252,8212,4401,5,7,9,Et singula praeduntur anni — и годы берут свое,товар доставляется к кораблю заказчика.,Ивспецпошив,Et singula praeduntur anni — и годы берут свое,5,3,23.6.2011,23.7.2011,24,37,26
Деревянные лестницы,кг,5291,5543,35,6494,5232,3,6,10,Ех abrupto — без предисловий без приготовлений сразу внезапно,товар погружается на корабль заказчика.,Иваново,Ех abrupto — без предисловий без приготовлений сразу внезапно,6,1,16.7.2011,26.7.2011,28,2,20
Клееный брус и балка,м,9677,6106,9032,2853,4278,1,8,8,Ех adverso — доказательство от противного,товар доставляется до порта заказчика (без выгрузки).,Илим Гофра,Ех adverso — доказательство от противного,5,1,10.7.2011,3.8.2011,36,38,27
Срубы,км,9379,3347,560,928,1157,5,6,2,Faber est suae quisque furtunae (Sallustius) — каждый сам кузнец своей судьбы,товар страхуется и доставляется до порта заказчика (без выгрузки).,Санкт-Петербург,Faber est suae quisque furtunae (Sallustius) — каждый сам кузнец своей судьбы,5,4,23.6.2011,7.7.2011,23,38,22
Раскладки уголки галтели валики плинтусы,шт,956,1461,2201,6303,7735,3,10,4,Fabri soli de suis artibus iudicent — только мастер может судить о своем ремесле,товар доставляется перевозчику заказчика в указанном месте назначения,Ильма,Fabri soli de suis artibus iudicent — только мастер может судить о своем ремесле,6,1,18.7.2011,9.8.2011,23,29,9
Фанера ДВП ДСП ДИП мебельные щиты прочее,л,8752,7947,5196,8322,7183,5,7,2,Fac et spera — твори и надейся!,товар страхуется и доставляется перевозчику заказчика в указанном месте назначения,Имидж Веар,Fac et spera — твори и надейся!,5,3,16.7.2011,28.7.2011,33,38,38
Шпон столярные изделия,кг,4184,5884,583,6337,4886,3,7,9,Fac fideli sis fidelis — будь верен тому кто верен (тебе),Поставка в месте назначения,Императорский фарфоровый завод,Fac fideli sis fidelis — будь верен тому кто верен (тебе),6,4,4.7.2011,20.7.2011,13,20,32
Вагонка,м,2159,7720,5391,8797,5859,2,5,8,Faciant meliora potentes — пусть сделает лучше кто может,Поставка на терминале. Экспортные платежи лежат на продавцеа импортные на покупателе.Терминал находится на границенужно указать название терминала.,ИП Капитонова Олеся Александровна,Faciant meliora potentes — пусть сделает лучше кто может,6,4,3.7.2011,2.8.2011,6,28,17
Доска (обрезная необрезная) брус брусок горбыль шпалы,км,5581,4727,1516,3004,2402,2,7,4,Facile aliis ignoscet qui sua vitia noverit — охотно прощает других тот кто знает свои недостатки,товар доставляется заказчику очищенный от пошлин и рисков,Санкт-Петербург,Facile aliis ignoscet qui sua vitia noverit — охотно прощает других тот кто знает свои недостатки,6,4,20.7.2011,11.8.2011,19,9,27
Круглый лес (бревна),шт,2860,1650,2581,8311,551,5,5,8,Facile dictu difficile factu — легко сказать трудно сделать,товар со склада продавца.,Исполать,Facile dictu difficile factu — легко сказать трудно сделать,6,4,15.7.2011,9.8.2011,9,14,34
Внутреняя отделка бань и саун,л,844,9207,1902,4420,920,3,3,10,Facile ex amico inimicum facies cui promissa non reddas — легко из друга сделаешь врага когда обещенное не выполняешь (не отдаешь),товар доставляется перевозчику заказчика.,Квалитас,Facile ex amico inimicum facies cui promissa non reddas — легко из друга сделаешь врага когда обещенное не выполняешь (не отдаешь),6,4,27.6.2011,24.7.2011,17,38,38
Деревянные лестницы,кг,7178,6093,5122,9367,140,4,1,4,Facile omnes cum valemus recta consilia aegrotis damus (Terentius) — когда мы здоровы то легко даем больным хорошие советы (Теренций),товар доставляется к кораблю заказчика.,Кожгалантерейное предприятие им. Августа Бебеля,Facile omnes cum valemus recta consilia aegrotis damus (Terentius) — когда мы здоровы то легко даем больным хорошие советы (Теренций),6,2,28.6.2011,23.7.2011,11,22,13
Клееный брус и балка,м,3440,6390,3544,4554,1337,3,6,4,Facilitate nil esse homini melius neque clementia (Terentius) - нет у человека способности лучше чем мягкосердечие,товар со склада продавца.,Коммерческая группа Негоция,Facilitate nil esse homini melius neque clementia (Terentius) - нет у человека способности лучше чем мягкосердечие,5,4,28.6.2011,16.7.2011,28,16,9
Срубы,км,9297,9022,5370,8716,8000,5,7,6,Facilius crescit quam inchoatur dignitas (Syrus) — уважение быстрее растёт чем начинается (Сир).,товар доставляется перевозчику заказчика.,Компания Лена Баско,Facilius crescit quam inchoatur dignitas (Syrus) — уважение быстрее растёт чем начинается (Сир).,5,3,1.7.2011,31.7.2011,22,37,13
Раскладки уголки галтели валики плинтусы,шт,3380,4629,6181,3094,4811,5,5,8,A bove maiore discit arare minor — У взрослого вола учится пахать подрастающий; потомки учатся у предков,товар доставляется к кораблю заказчика.,Иваново,A bove maiore discit arare minor — У взрослого вола учится пахать подрастающий; потомки учатся у предков,6,2,18.7.2011,28.7.2011,35,36,36
Фанера ДВП ДСП ДИП мебельные щиты прочее,л,9407,4082,2806,7497,1036,3,7,9,A capite foetet piscis — рыба гниет с головы,товар погружается на корабль заказчика.,Конфлекс СПб,A capite foetet piscis — рыба гниет с головы,6,2,21.6.2011,21.7.2011,37,24,33
Шпон столярные изделия,кг,9306,2074,1682,1676,1001,5,2,4,A capillis usque ad ungues — от волос до ногтей,товар доставляется до порта заказчика (без выгрузки).,Корпорация SELA,A capillis usque ad ungues — от волос до ногтей,5,2,20.7.2011,3.8.2011,27,8,30
Вагонка,м,5202,9664,4573,4203,281,4,1,8,A capite ad calcem — с ног до головы,товар страхуется и доставляется до порта заказчика (без выгрузки).,Санкт-Петербург,A capite ad calcem — с ног до головы,5,1,28.6.2011,16.7.2011,12,34,27
Доска (обрезная необрезная) брус брусок горбыль шпалы,км,7368,6041,3284,715,8588,4,3,10,A casu ad casum — от случая к случаю,товар доставляется перевозчику заказчика в указанном месте назначения,Корсар,A casu ad casum — от случая к случаю,6,2,18.7.2011,10.8.2011,32,19,31
Круглый лес (бревна),шт,818,402,2660,5173,5871,1,5,4,A contrario — от противного (метод доказательства),товар страхуется и доставляется перевозчику заказчика в указанном месте назначения,Henri Lloyd,A contrario — от противного (метод доказательства),5,3,28.6.2011,24.7.2011,26,25,21
Внутреняя отделка бань и саун,л,5083,5682,84,3562,1067,3,1,7,A fonte puro pura defluit aqua — Из чистого источника чистая вода и вытекает,Поставка в месте назначения,Magnitov.net,A fonte puro pura defluit aqua — Из чистого источника чистая вода и вытекает,5,1,21.7.2011,11.8.2011,17,33,17
Стальные балки колонны фермы,кг,6563,8809,739,1571,2057,3,5,8,A fructibus arborem aestima — Дерево оценивают по его плодам,Поставка на терминале. Экспортные платежи лежат на продавцеа импортные на покупателе.Терминал находится на границенужно указать название терминала.,Polyflor,A fructibus arborem aestima — Дерево оценивают по его плодам,6,4,10.7.2011,29.7.2011,21,40,26
Листы гладкие профилированные из цветных металлов,м,9455,3006,5303,645,9072,4,7,5,A Jove principum! — Начинай каждое дело с молитвой ,товар доставляется заказчику очищенный от пошлин и рисков,PromoVere,A Jove principum! — Начинай каждое дело с молитвой ,5,2,3.7.2011,1.8.2011,26,22,15
Профилированные листы и настил,км,7137,9551,6885,6067,4797,5,2,8,A limine — с порога,товар со склада продавца.,Москва,A limine — с порога,6,2,21.6.2011,19.7.2011,20,7,26
Листовой металл,шт,6676,3579,8725,4214,6249,1,8,3,А linea — с новой строки,товар доставляется перевозчику заказчика.,Red Fox,А linea — с новой строки,5,1,24.6.2011,19.7.2011,17,25,5
Профильный прокат,л,5075,2321,2889,3858,8629,1,9,9,A maximis ad minima — от большого к малому,товар доставляется к кораблю заказчика.,Санкт-Петербург,A maximis ad minima — от большого к малому,5,2,7.7.2011,2.8.2011,6,38,14
Стальная арматура и арматурные каркасы,кг,5880,9927,3706,3578,3465,4,9,9,A minori ad majus — По меньшему заключать о большем,товар со склада продавца.,Sportego,A minori ad majus — По меньшему заключать о большем,5,3,9.7.2011,24.7.2011,24,17,2
Сетки стальные арматурные,м,1965,2069,2530,6251,2833,4,9,4,A nullo diligitur qui neminem diligit — никто не любит того кто сам никого не любит,товар доставляется перевозчику заказчика.,Санкт-Петербург,A nullo diligitur qui neminem diligit — никто не любит того кто сам никого не любит,5,1,25.6.2011,18.7.2011,15,15,31
Алюминиевые конструкции,км,3043,6375,4410,7752,4602,5,10,5,А pedibus usque ad caput — с ног до головы,товар доставляется к кораблю заказчика.,WDMobile,А pedibus usque ad caput — с ног до головы,5,2,28.6.2011,16.7.2011,24,15,28
Метизы,шт,9194,2501,7806,2380,8146,2,2,8,A potiori fit denominatio — Заглавие наименование делается по главному предмету или основной идее сочинения,товар погружается на корабль заказчика.,Авторское ателье,A potiori fit denominatio — Заглавие наименование делается по главному предмету или основной идее сочинения,5,1,20.7.2011,12.8.2011,5,8,4
Горячекатанные и гнутые профили (уголок тавр двутавр швеллер),л,6672,6110,4554,7305,1805,4,3,3,А posteriori — исходя из опыта на основании опыта,товар доставляется до порта заказчика (без выгрузки).,Ева,А posteriori — исходя из опыта на основании опыта,6,4,2.7.2011,13.7.2011,9,34,7
Направляющие и крепежные алюминиевые элементы,кг,785,4355,2152,9797,7124,1,2,7,A posse ad esse non valet consequential — Из возможности какого-либо действия или факта нельзя еще заключать что данное действие или данный факт действительно имел место,товар страхуется и доставляется до порта заказчика (без выгрузки).,Завод акустических конструкций,A posse ad esse non valet consequential — Из возможности какого-либо действия или факта нельзя еще заключать что данное действие или данный факт действительно имел место,6,3,7.7.2011,20.7.2011,1,9,13
Сетка Рабица,м,7114,8884,6298,4217,1444,1,9,5,А prima facie — на первый взгляд,товар доставляется перевозчику заказчика в указанном месте назначения,Завод резиновой обуви Треугольник,А prima facie — на первый взгляд,5,1,27.6.2011,20.7.2011,2,37,23
Решетки ограждений и их крепления,км,3093,1677,3843,6497,2950,5,4,4,А priori — заранее до опыта без проверки независимо от опыта,товар страхуется и доставляется перевозчику заказчика в указанном месте назначения,Здравый промысел,А priori — заранее до опыта без проверки независимо от опыта,5,3,9.7.2011,20.7.2011,17,20,17
Карнизные и подоконные сливы,шт,6497,5979,888,3187,384,3,8,7,Ab imo pectore — с полной искренностью от души,Поставка в месте назначения,Золотой жук,Ab imo pectore — с полной искренностью от души,5,1,25.6.2011,7.7.2011,4,22,27
Кованые изделия,л,2940,2445,4654,9524,5689,4,5,7,Barbarus hic ego sum quia non intelligorulli — Я здесь варвар (чужой) потому что меня никто не понимает,Поставка на терминале. Экспортные платежи лежат на продавцеа импортные на покупателе.Терминал находится на границенужно указать название терминала.,Ивспецпошив,Barbarus hic ego sum quia non intelligorulli — Я здесь варвар (чужой) потому что меня никто не понимает,6,3,1.7.2011,13.7.2011,24,12,21
Облицовочные плиты металлические,кг,9731,9121,1823,3560,5834,4,5,3,Barba crescit caput nescit — Борода растет а голова глупеет,товар доставляется заказчику очищенный от пошлин и рисков,Иваново,Barba crescit caput nescit — Борода растет а голова глупеет,6,2,15.7.2011,14.8.2011,16,31,5
Сайдинг металлический,м,483,7581,2389,4526,4882,5,1,10,Barba philosophum non facit — Борода не делает философом,товар со склада продавца.,Илим Гофра,Barba philosophum non facit — Борода не делает философом,5,3,23.6.2011,10.7.2011,40,21,12
Линолеум,км,543,2159,4482,9230,9512,1,6,4,Beata stultica — блаженная глупость,товар доставляется перевозчику заказчика.,Санкт-Петербург,Beata stultica — блаженная глупость,5,4,9.7.2011,27.7.2011,38,17,40
Ковролин ковровые покрытия коврики,шт,4365,934,1668,9377,5670,3,5,3,Beata solitudo — Благословенное одиночество,товар доставляется к кораблю заказчика.,Ильма,Beata solitudo — Благословенное одиночество,5,1,25.6.2011,10.7.2011,30,33,24
Паркет,л,327,8599,5355,7287,6838,1,2,1,Beatae memoriae — Блаженной памяти,товар со склада продавца.,Имидж Веар,Beatae memoriae — Блаженной памяти,6,4,21.6.2011,4.7.2011,10,27,13
Ламинат,кг,3760,3121,6123,706,1475,4,7,6,Beate vivere est honeste vivere — Жить счастливо - значит жить красиво,товар доставляется перевозчику заказчика.,Императорский фарфоровый завод,Beate vivere est honeste vivere — Жить счастливо - значит жить красиво,6,2,19.7.2011,8.8.2011,9,18,12
Пробковые покрытия для пола,м,7913,6510,8035,8696,7734,4,7,1,Beati omnes esse volumus — все мы хотим быть счастливыми,товар доставляется к кораблю заказчика.,ИП Капитонова Олеся Александровна,Beati omnes esse volumus — все мы хотим быть счастливыми,6,3,14.7.2011,5.8.2011,21,38,18
Половая доска,км,5177,9330,584,694,6133,3,2,4,Beati pacifici — Блаженны миротворцы,товар погружается на корабль заказчика.,Санкт-Петербург,Beati pacifici — Блаженны миротворцы,6,3,24.6.2011,19.7.2011,28,18,26
Плинтусы,шт,7005,5849,7066,7502,6054,5,8,8,Beati pauperes spiritu — Блаженны нищие духом,товар доставляется до порта заказчика (без выгрузки).,Исполать,Beati pauperes spiritu — Блаженны нищие духом,6,3,27.6.2011,24.7.2011,3,36,13
Пороги,л,9953,3568,8498,5804,7529,4,6,6,Bedti possidentes — Счастливы владеющие,товар страхуется и доставляется до порта заказчика (без выгрузки).,Квалитас,Bedti possidentes — Счастливы владеющие,5,1,8.7.2011,29.7.2011,21,36,14
Керамогранит,кг,3337,4511,4207,5484,3629,4,6,7,Beatitudo nоn est virtutis praemium sed ipsa virtus — Блаженство – не награда за добродетель а сама добродетель (Спиноза),товар доставляется перевозчику заказчика в указанном месте назначения,Кожгалантерейное предприятие им. Августа Бебеля,Beatitudo nоn est virtutis praemium sed ipsa virtus — Блаженство – не награда за добродетель а сама добродетель (Спиноза),5,3,27.6.2011,26.7.2011,20,37,16
Камень искусственный,м,4895,3192,6974,8577,6345,2,8,2,Beatus esse sine virtute nemo potest — Без добродетели никто не может быть счастлив,товар страхуется и доставляется перевозчику заказчика в указанном месте назначения,Коммерческая группа Негоция,Beatus esse sine virtute nemo potest — Без добродетели никто не может быть счастлив,5,1,18.7.2011,28.7.2011,2,26,30
Синтетические наливные полы,км,741,8629,9742,209,8241,4,2,4,Beatius est magis dare quam accipere — Счастлив тот кто больше дает чем получает,Поставка в месте назначения,Компания Лена Баско,Beatius est magis dare quam accipere — Счастлив тот кто больше дает чем получает,5,1,2.7.2011,13.7.2011,4,13,17
Гипсокартонные плиты,шт,8305,527,5120,8666,4750,3,8,1,Beatus ille qui procul negotiis — Блажен тот кто вдали от дел,Поставка на терминале. Экспортные платежи лежат на продавцеа импортные на покупателе.Терминал находится на границенужно указать название терминала.,Иваново,Beatus ille qui procul negotiis — Блажен тот кто вдали от дел,5,4,27.6.2011,25.7.2011,27,40,39
Плиты из природного камня,л,6629,5452,4154,4502,1589,5,7,4,Bella gerant alii Protesilaus amet — Войны пусть ведут другие Протезилай пусть любит,товар доставляется заказчику очищенный от пошлин и рисков,Конфлекс СПб,Bella gerant alii Protesilaus amet — Войны пусть ведут другие Протезилай пусть любит,6,2,30.6.2011,28.7.2011,21,10,16
Средства по уходу за полом,кг,7201,8623,5124,803,5588,3,1,3,Bella gerant allii tu felix Austria nube; Nam quae Mars aliis dat tibi regna Venus — Войны пусть ведут другие а ты счастливая Австрия заключай браки ибо те владения которые другим дает Марс даст тебе Венера,товар со склада продавца.,Корпорация SELA,Bella gerant allii tu felix Austria nube; Nam quae Mars aliis dat tibi regna Venus — Войны пусть ведут другие а ты счастливая Австрия заключай браки ибо те владения которые другим дает Марс даст тебе Венера,5,3,2.7.2011,29.7.2011,4,11,25
Облицовочные плиты,м,4981,2965,7125,3169,2353,1,5,1,Bellum frigidum — холодная война,товар доставляется перевозчику заказчика.,Санкт-Петербург,Bellum frigidum — холодная война,5,4,23.6.2011,19.7.2011,32,4,32
Сайдинг,км,1722,5429,7707,4052,1248,4,5,8,Capiat qui сареrе potest — лови кто может поймать,товар доставляется к кораблю заказчика.,Корсар,Capiat qui сареrе potest — лови кто может поймать,5,2,9.7.2011,21.7.2011,24,25,22
Штукатурная сетка,шт,343,3119,9802,8324,8284,1,5,10,Capienda rebus in malis praeceps via est — В беде следует принимать опасные решения,товар со склада продавца.,Henri Lloyd,Capienda rebus in malis praeceps via est — В беде следует принимать опасные решения,6,2,27.6.2011,11.7.2011,25,5,17
Обои бумажные,л,9620,8384,8354,9434,8759,1,9,1,Capita aut navim — Головы или корабль,товар доставляется перевозчику заказчика.,Magnitov.net,Capita aut navim — Головы или корабль,5,4,28.6.2011,23.7.2011,39,28,33
Обои виниловые,кг,3284,7133,2548,1079,6323,4,5,4,Caritas ex pax — Уважение и мир,товар доставляется к кораблю заказчика.,Polyflor,Caritas ex pax — Уважение и мир,6,2,22.6.2011,12.7.2011,34,22,33
Обои моющиеся,м,0,2406,5388,3714,7788,4,2,5,Саrре diem — лови день; пользуйся каждым днем; не откладывай на завтра то что должен сделать сегодня (Гораций),товар погружается на корабль заказчика.,PromoVere,Саrре diem — лови день; пользуйся каждым днем; не откладывай на завтра то что должен сделать сегодня (Гораций),6,4,3.7.2011,29.7.2011,5,9,34
Стеклообои,км,4418,9386,8484,7206,942,5,5,2,Castigare ridendo mores — смехом исправлять нравы,товар доставляется до порта заказчика (без выгрузки).,Москва,Castigare ridendo mores — смехом исправлять нравы,6,2,24.6.2011,12.7.2011,22,34,21
Жидкие обои,шт,1096,3532,5602,8128,5309,4,10,7,Castis omnia casta — Чистым (людям) все чисто,товар страхуется и доставляется до порта заказчика (без выгрузки).,Red Fox,Castis omnia casta — Чистым (людям) все чисто,5,4,20.7.2011,7.8.2011,29,31,2
Потолочные обои,л,7338,2828,2998,3944,5266,3,5,6,Casu — случайно,товар доставляется перевозчику заказчика в указанном месте назначения,Санкт-Петербург,Casu — случайно,6,1,24.6.2011,4.7.2011,14,22,25
Текстильные и растительные обои,кг,7708,5334,7511,1157,1870,4,2,9,Casus — случай,товар страхуется и доставляется перевозчику заказчика в указанном месте назначения,Sportego,Casus — случай,6,1,16.7.2011,9.8.2011,29,11,23
Кирпич огнеупорный,м,5260,6599,2303,3628,1740,2,8,3,Casus belli — повод к войне к конфликту,Поставка в месте назначения,Санкт-Петербург,Casus belli — повод к войне к конфликту,6,3,28.6.2011,23.7.2011,4,24,21
Двери противопожарные,км,9985,1186,8251,1444,8733,2,2,5,Cattus amat piscem sed non vult tingere plantam —,Поставка на терминале. Экспортные платежи лежат на продавцеа импортные на покупателе.Терминал находится на границенужно указать название терминала.,WDMobile,Cattus amat piscem sed non vult tingere plantam —,6,3,19.7.2011,29.7.2011,14,14,9
Стеклопакеты противопожарные,шт,7866,1578,6960,4402,2891,4,5,1,Causa causarum — Причина причин (главная причина),товар доставляется заказчику очищенный от пошлин и рисков,Авторское ателье,Causa causarum — Причина причин (главная причина),5,1,24.6.2011,21.7.2011,28,30,12
Датчики предупреждения,л,8916,3580,1638,6288,8222,4,8,7,Causa efficiens — Действующая причина,товар со склада продавца.,Ева,Causa efficiens — Действующая причина,6,4,8.7.2011,26.7.2011,33,28,38
Спринклерные установки,кг,7249,8019,6010,3764,6928,1,8,4,Causa finita est — Вопрос решен,товар доставляется перевозчику заказчика.,Завод акустических конструкций,Causa finita est — Вопрос решен,5,2,6.7.2011,30.7.2011,5,20,6
Огнезащитные покрытия,м,3452,7205,8126,87,5308,3,2,10,Causa justa — Справедливая уважительная причина,товар доставляется к кораблю заказчика.,Завод резиновой обуви Треугольник,Causa justa — Справедливая уважительная причина,5,2,9.7.2011,28.7.2011,30,36,36
Окна из ПВХ,км,3390,6744,2928,893,822,5,4,4,Cautus enim metuit foveam lupus —,товар со склада продавца.,Здравый промысел,Cautus enim metuit foveam lupus —,6,4,29.6.2011,26.7.2011,7,37,33
Окна деревянные,шт,2952,3588,2682,9560,4298,2,9,2,Carthagenem esse delendam — карфаген должен быть разрушен,товар доставляется перевозчику заказчика.,Золотой жук,Carthagenem esse delendam — карфаген должен быть разрушен,5,3,20.7.2011,13.8.2011,39,13,25
Окна в алюминиевых дерево-алюминиевых и стальных переплетах,л,5185,3939,4200,9845,6650,1,4,6,Causa causalis — причина причин главная причина,товар доставляется к кораблю заказчика.,Ивспецпошив,Causa causalis — причина причин главная причина,5,2,19.7.2011,3.8.2011,31,34,36
Окна мансардные,кг,5763,4732,8394,5601,1668,2,6,9,De actu et visu — по опыту и наблюдениям,товар погружается на корабль заказчика.,Иваново,De actu et visu — по опыту и наблюдениям,5,2,14.7.2011,4.8.2011,1,2,29
Решетки на окна,м,7648,856,5935,6787,3506,4,1,10,Debes ergo potes — должен значит можешь,товар доставляется до порта заказчика (без выгрузки).,Илим Гофра,Debes ergo potes — должен значит можешь,5,2,16.7.2011,4.8.2011,13,26,14
Рольставни,км,2708,8615,9014,8268,1715,3,8,2,Debito tempore — в должное врeмя,товар страхуется и доставляется до порта заказчика (без выгрузки).,Санкт-Петербург,Debito tempore — в должное врeмя,6,2,8.7.2011,31.7.2011,6,31,9
Жалюзи,шт,3557,9280,2516,5975,7624,4,7,10,De die in diem — изо дня в день,товар доставляется перевозчику заказчика в указанном месте назначения,Ильма,De die in diem — изо дня в день,5,2,2.7.2011,13.7.2011,38,1,22
Витрины,л,9697,2942,353,4075,4956,1,6,2,De (ех) nihilo nihil — из ничего — ничто; ничто не возникает из ничего (Лукреций),товар страхуется и доставляется перевозчику заказчика в указанном месте назначения,Имидж Веар,De (ех) nihilo nihil — из ничего — ничто; ничто не возникает из ничего (Лукреций),6,3,27.6.2011,24.7.2011,27,1,40
Стеновые декоративные панели из пластика,кг,6174,1457,3388,1047,7297,1,7,8,De facto — фактически на деле,Поставка в месте назначения,Императорский фарфоровый завод,De facto — фактически на деле,6,3,21.6.2011,8.7.2011,1,2,1
Деревянная облицовка стен панели вагонка,м,1695,2561,6807,1144,7928,5,5,1,De gustibus et coloribus (non) est disputandum — о вкусах и цветах (не) спорят,Поставка на терминале. Экспортные платежи лежат на продавцеа импортные на покупателе.Терминал находится на границенужно указать название терминала.,ИП Капитонова Олеся Александровна,De gustibus et coloribus (non) est disputandum — о вкусах и цветах (не) спорят,6,3,7.7.2011,25.7.2011,39,16,5
Наличники галтели раскладки уголки,км,6426,5156,1429,4603,97,3,4,7,Dе jure — юридически по праву,товар доставляется заказчику очищенный от пошлин и рисков,Санкт-Петербург,Dе jure — юридически по праву,6,4,24.6.2011,15.7.2011,35,4,4
Жидкие гвозди,шт,2369,4370,5082,2022,2859,1,10,6,De lana caprina — о пустяках (доcл.; о козьей шерсти),товар со склада продавца.,Исполать,De lana caprina — о пустяках (доcл.; о козьей шерсти),6,3,21.7.2011,18.8.2011,13,32,12
Облицовочные материалы из декоративного бетона,л,2961,3452,9412,7191,2970,1,10,7,De lingua slulta incommoda multa — из-за пустых (глупых) слов бывают большие неприятности,товар доставляется перевозчику заказчика.,Квалитас,De lingua slulta incommoda multa — из-за пустых (глупых) слов бывают большие неприятности,5,1,21.7.2011,14.8.2011,8,33,30
Полимерные пленки,кг,63,4305,2829,8771,4273,5,7,5,Demon est deus inversus зло — это добро наоборот,товар доставляется к кораблю заказчика.,Кожгалантерейное предприятие им. Августа Бебеля,Demon est deus inversus зло — это добро наоборот,5,2,28.6.2011,28.7.2011,29,7,15
Подвесные потолки панелей,м,1861,1861,2041,4870,3129,4,2,1,De mortuis aut bene aut nihil — об умерших не злословить (досл.; о мертвых или хорошо или ничего),товар со склада продавца.,Коммерческая группа Негоция,De mortuis aut bene aut nihil — об умерших не злословить (досл.; о мертвых или хорошо или ничего),6,1,4.7.2011,30.7.2011,3,3,4
Подвесные потолки из синтетического сайдинга,км,923,2631,6975,1864,6259,5,1,9,De non apparentibus et non existentibus eadem est ratio — отношение к неявившимся и к несуществующим одинаково,товар доставляется перевозчику заказчика.,Компания Лена Баско,De non apparentibus et non existentibus eadem est ratio — отношение к неявившимся и к несуществующим одинаково,5,3,9.7.2011,20.7.2011,34,23,35
Подвесные потолки из алюминиевых профилей и сайдинга,шт,3381,8216,62,4816,6060,2,10,7,Desiderata — пожелания намерения,товар доставляется к кораблю заказчика.,Иваново,Desiderata — пожелания намерения,5,4,23.6.2011,9.7.2011,20,4,12
Натяжные потолки,л,8733,679,8506,2149,9969,1,5,8,Des partem leonis — отдай львиную долю,товар погружается на корабль заказчика.,Конфлекс СПб,Des partem leonis — отдай львиную долю,5,4,30.6.2011,30.7.2011,30,28,9
Декоративные элементы,кг,4354,1392,4788,6276,7590,4,2,2,Detur digniori — да будет дано достойнейшему,товар доставляется до порта заказчика (без выгрузки).,Корпорация SELA,Detur digniori — да будет дано достойнейшему,6,3,12.7.2011,8.8.2011,7,37,2
Синтетическая плитка для потолков,м,9466,4371,1980,4820,7437,2,6,6,Edimus ut vivamus; nоn vivimus ut edamus — мы едим чтобы жить но не живем чтобы есть,товар страхуется и доставляется до порта заказчика (без выгрузки).,Санкт-Петербург,Edimus ut vivamus; nоn vivimus ut edamus — мы едим чтобы жить но не живем чтобы есть,6,1,3.7.2011,18.7.2011,7,36,33
Стеклосетки,км,5623,9440,7880,1614,258,5,2,6,Е fructu arbor cognoscitur — по плоду узнается дерево (яблоко от яблони недалеко падает),товар доставляется перевозчику заказчика в указанном месте назначения,Корсар,Е fructu arbor cognoscitur — по плоду узнается дерево (яблоко от яблони недалеко падает),6,1,26.6.2011,18.7.2011,4,22,30
Зеркала,шт,2105,7818,8319,3350,836,1,7,2,Ego te intus et in cute novi — знаю тебя и под кожей и снаружи (вижу тебя насквозь),товар страхуется и доставляется перевозчику заказчика в указанном месте назначения,Henri Lloyd,Ego te intus et in cute novi — знаю тебя и под кожей и снаружи (вижу тебя насквозь),6,3,24.6.2011,21.7.2011,19,7,20
Стекло оконное,л,4568,4016,7590,9588,5061,1,7,7,Elephantum ех musca facis — делаешь из мухи слона,Поставка в месте назначения,Magnitov.net,Elephantum ех musca facis — делаешь из мухи слона,5,1,21.6.2011,6.7.2011,10,23,6
Стекло солнцеотражающее,кг,4813,4405,8997,3143,4946,4,8,8,Ео ipso — вследствие этого тем самым,Поставка на терминале. Экспортные платежи лежат на продавцеа импортные на покупателе.Терминал находится на границенужно указать название терминала.,Polyflor,Ео ipso — вследствие этого тем самым,5,4,20.7.2011,18.8.2011,32,29,16
Стеклопакеты клееные одно- и двухкамерные,м,3275,7381,6639,1254,6822,2,6,3,Epistula nоn erubescit — бумага не краснеет бумага все терпит (Цицерон),товар доставляется заказчику очищенный от пошлин и рисков,PromoVere,Epistula nоn erubescit — бумага не краснеет бумага все терпит (Цицерон),5,1,21.7.2011,15.8.2011,13,25,31
Стеклопакеты с заполнением инертным газом,км,9193,6294,7713,9152,887,1,3,8,Errare humanum est- человеку свойственно ошибаться,товар со склада продавца.,Москва,Errare humanum est- человеку свойственно ошибаться,6,1,19.7.2011,13.8.2011,10,19,14
Стеклопакеты вакуумные,шт,2293,5142,8723,537,765,4,9,2,Errata — ошибки опечатки,товар доставляется перевозчику заказчика.,Red Fox,Errata — ошибки опечатки,5,3,26.6.2011,19.7.2011,37,8,14
Триплекс,л,5411,3870,3014,5489,5968,3,7,8,Esse quam videri — быть а не казаться,товар доставляется к кораблю заказчика.,Санкт-Петербург,Esse quam videri — быть а не казаться,5,2,21.7.2011,15.8.2011,31,9,5
Стекло пуленепробиваемое,кг,742,2725,8441,3124,5658,1,9,10,Est modus in rebus — всему есть предел; все имеет свою меру (Гораций),товар со склада продавца.,Sportego,Est modus in rebus — всему есть предел; все имеет свою меру (Гораций),6,1,14.7.2011,30.7.2011,38,39,1
Стекло витражное,м,8583,2535,3343,5262,8902,5,10,1,Est rerum omnium magister usus — опыт — всему учитель (Цезарь),товар доставляется перевозчику заказчика.,Санкт-Петербург,Est rerum omnium magister usus — опыт — всему учитель (Цезарь),6,2,12.7.2011,2.8.2011,11,30,35
Поликарбонат,км,1690,3307,9841,6903,46,3,10,9,Et cetera (etc.) — и так далее и прочее,товар доставляется к кораблю заказчика.,WDMobile,Et cetera (etc.) — и так далее и прочее,5,3,21.7.2011,1.8.2011,33,5,39
Оргстекло,шт,2871,8523,756,9050,2924,4,10,2,Et gaudium et solatium in litteris — и радость и утешение в науках(Плиний),товар погружается на корабль заказчика.,Авторское ателье,Et gaudium et solatium in litteris — и радость и утешение в науках(Плиний),5,3,3.7.2011,15.7.2011,39,19,7
Витражи художественные,л,860,5011,2681,3763,6712,5,6,3,Et singula praeduntur anni — и годы берут свое,товар доставляется до порта заказчика (без выгрузки).,Ева,Et singula praeduntur anni — и годы берут свое,5,1,19.7.2011,5.8.2011,36,22,17
Системы остекления зимних садов и пристроенных теплиц,кг,8526,878,7254,1092,9060,3,9,1,Ех abrupto — без предисловий без приготовлений сразу внезапно,товар страхуется и доставляется до порта заказчика (без выгрузки).,Завод акустических конструкций,Ех abrupto — без предисловий без приготовлений сразу внезапно,5,4,25.6.2011,7.7.2011,12,19,18
Стеклянные фасады,м,3113,360,1234,7703,5031,3,5,3,Ех adverso — доказательство от противного,товар доставляется перевозчику заказчика в указанном месте назначения,Завод резиновой обуви Треугольник,Ех adverso — доказательство от противного,6,3,3.7.2011,19.7.2011,1,18,5
Пеностекло,км,7867,9558,382,6060,2250,3,5,3,Faber est suae quisque furtunae (Sallustius) — каждый сам кузнец своей судьбы,товар страхуется и доставляется перевозчику заказчика в указанном месте назначения,Здравый промысел,Faber est suae quisque furtunae (Sallustius) — каждый сам кузнец своей судьбы,6,3,20.7.2011,4.8.2011,36,4,18
Стекло цветное,шт,2212,6140,6013,4684,4663,3,5,1,Fabri soli de suis artibus iudicent — только мастер может судить о своем ремесле,Поставка в месте назначения,Золотой жук,Fabri soli de suis artibus iudicent — только мастер может судить о своем ремесле,5,4,20.7.2011,2.8.2011,34,8,26
Грунтовка,л,9354,4025,6789,9864,3925,3,9,6,Fac et spera — твори и надейся!,Поставка на терминале. Экспортные платежи лежат на продавцеа импортные на покупателе.Терминал находится на границенужно указать название терминала.,Ивспецпошив,Fac et spera — твори и надейся!,5,1,28.6.2011,13.7.2011,5,22,25
Побелка,кг,7645,4249,2868,9251,395,1,7,8,Fac fideli sis fidelis — будь верен тому кто верен (тебе),товар доставляется заказчику очищенный от пошлин и рисков,Иваново,Fac fideli sis fidelis — будь верен тому кто верен (тебе),6,3,10.7.2011,21.7.2011,25,29,19
Магнезиальные вяжущие,м,1438,5632,3859,3731,2467,2,2,4,Faciant meliora potentes — пусть сделает лучше кто может,товар со склада продавца.,Илим Гофра,Faciant meliora potentes — пусть сделает лучше кто может,5,3,26.6.2011,12.7.2011,25,7,6
Известь строительная,км,1401,4206,9303,7427,8307,3,1,3,Facile aliis ignoscet qui sua vitia noverit — охотно прощает других тот кто знает свои недостатки,товар доставляется перевозчику заказчика.,Санкт-Петербург,Facile aliis ignoscet qui sua vitia noverit — охотно прощает других тот кто знает свои недостатки,5,2,7.7.2011,27.7.2011,40,20,16
Синтетические штукатурки,шт,3674,846,5101,3189,972,3,10,5,Facile dictu difficile factu — легко сказать трудно сделать,товар доставляется к кораблю заказчика.,Ильма,Facile dictu difficile factu — легко сказать трудно сделать,5,1,24.6.2011,10.7.2011,29,16,5
Цементы,л,5672,8982,7380,44,3018,3,8,5,Facile ex amico inimicum facies cui promissa non reddas — легко из друга сделаешь врага когда обещенное не выполняешь (не отдаешь),товар со склада продавца.,Имидж Веар,Facile ex amico inimicum facies cui promissa non reddas — легко из друга сделаешь врага когда обещенное не выполняешь (не отдаешь),5,2,8.7.2011,6.8.2011,19,39,14
Шпаклевки,кг,5303,1799,5415,7026,1879,3,5,2,Facile omnes cum valemus recta consilia aegrotis damus (Terentius) — когда мы здоровы то легко даем больным хорошие советы (Теренций),товар доставляется перевозчику заказчика.,Императорский фарфоровый завод,Facile omnes cum valemus recta consilia aegrotis damus (Terentius) — когда мы здоровы то легко даем больным хорошие советы (Теренций),5,4,29.6.2011,12.7.2011,37,8,37
Затирки,м,961,7980,9872,2736,9181,3,7,8,Facilitate nil esse homini melius neque clementia (Terentius) - нет у человека способности лучше чем мягкосердечие,товар доставляется к кораблю заказчика.,ИП Капитонова Олеся Александровна,Facilitate nil esse homini melius neque clementia (Terentius) - нет у человека способности лучше чем мягкосердечие,5,3,16.7.2011,27.7.2011,10,28,30
Известковые вяжущие,км,4364,4332,5906,6447,3733,2,5,9,Facilius crescit quam inchoatur dignitas (Syrus) — уважение быстрее растёт чем начинается (Сир).,товар погружается на корабль заказчика.,Санкт-Петербург,Facilius crescit quam inchoatur dignitas (Syrus) — уважение быстрее растёт чем начинается (Сир).,5,1,25.6.2011,7.7.2011,40,23,5
Гипсовые вяжущие,шт,7847,5981,1520,3123,5848,3,6,10,A bove maiore discit arare minor — У взрослого вола учится пахать подрастающий; потомки учатся у предков,товар доставляется до порта заказчика (без выгрузки).,Исполать,A bove maiore discit arare minor — У взрослого вола учится пахать подрастающий; потомки учатся у предков,6,2,22.6.2011,14.7.2011,33,17,37
Смеси для самовыравнивающихся стяжек,л,5774,8562,6962,6613,1295,1,10,3,A capite foetet piscis — рыба гниет с головы,товар страхуется и доставляется до порта заказчика (без выгрузки).,Квалитас,A capite foetet piscis — рыба гниет с головы,6,2,23.6.2011,6.7.2011,28,33,2
Штукатурные смеси для наружных работ,кг,5865,8779,5688,3046,1249,3,1,1,A capillis usque ad ungues — от волос до ногтей,товар доставляется перевозчику заказчика в указанном месте назначения,Кожгалантерейное предприятие им. Августа Бебеля,A capillis usque ad ungues — от волос до ногтей,5,2,19.7.2011,6.8.2011,21,15,8