"Admin_PeopleController__change_password","ac read [Person]","z3",19,6,24,124,0.01,1157.12,3,"correct"
"Admin_PeopleController__create","ac creation [Person]","z3",92,6,84,186,0.02,2324.48,94,"correct"
"Admin_PeopleController__create","ac read [Person]","z3",92,6,84,186,0.01,2007.04,43,"correct"
"Admin_PeopleController__edit","ac read [Person]","z3",40,6,31,191,0.01,1269.76,3,"correct"
"Admin_PeopleController__edit_account","ac read [Person]","z3",40,6,31,191,0.01,1269.76,3,"correct"
"Admin_PeopleController__edit_account","ac read [Person]","z3",40,6,31,191,0.01,1269.76,3,"correct"
"Admin_PeopleController__index","ac read [Person]","z3",42,6,32,192,0.0,1269.76,3,"correct"
"Admin_PeopleController__new","ac creation [Person]","z3",40,6,31,198,0.01,1382.4,63,"correct"
"Admin_PeopleController__new","ac read [Person]","z3",40,6,31,200,0.01,1290.24,11,"correct"
"Admin_PeopleController__show","ac read [Person]","z3",40,6,31,191,0.0,1269.76,3,"correct"
"Admin_PeopleController__update","ac read [Person]","z3",40,6,31,191,0.01,1269.76,3,"correct"
"HomeController__index","ac read [Service]","z3",60,6,31,263,0.02,2447.36,188,"incorrect"
"ProfilesController__change_password","ac read [Person]","z3",39,6,26,199,0.0,1290.24,10,"correct"
"ProfilesController__edit","ac read [Person]","z3",39,6,26,199,0.01,1290.24,10,"correct"
"ProfilesController__show","ac read [Person]","z3",39,6,26,199,0.01,1290.24,10,"correct"
"ProfilesController__update","ac read [Person]","z3",39,6,26,199,0.0,1290.24,10,"correct"
"ServicesController__create","ac creation [Service]","z3",40,6,30,194,0.01,1402.88,72,"correct"
"ServicesController__create","ac read [Service]","z3",40,6,30,194,0.0,1300.48,12,"correct"
"ServicesController__destroy","ac deletion [Service]","z3",44,6,36,172,0.01,1372.16,1,"correct"
"ServicesController__destroy","ac read [Service]","z3",44,6,36,172,0.0,1372.16,1,"correct"
"ServicesController__edit","ac read [Service]","z3",40,6,30,185,0.01,1280.0,1,"correct"
"ServicesController__index","ac read [Service]","z3",41,6,29,190,0.01,1300.48,1,"correct"
"ServicesController__new","ac creation [Service]","z3",40,6,30,194,0.01,1402.88,72,"correct"
"ServicesController__new","ac read [Service]","z3",40,6,30,194,0.0,1300.48,12,"correct"
"ServicesController__update","ac read [Service]","z3",40,6,30,185,0.01,1280.0,1,"correct"
