"CommentsController__create","invariant commentsHaveUsers","z3",328,50,242,308,0.07,4485.12,1267,"correct"
"CommentsController__create","invariant commentsHaveStories","z3",328,50,242,308,0.18,9144.32,3707,"correct"
"CommentsController__create","invariant hatsHaveUsers","z3",328,50,242,308,0.06,4188.16,526,"correct"
"CommentsController__create","invariant hatsHaveGrantedByUsers","z3",328,50,242,308,0.06,4085.76,506,"correct"
"CommentsController__create","invariant hatsRequestsHaveUsers","z3",328,50,242,308,0.05,3993.6,296,"correct"
"CommentsController__create","invariant hiddenStoriesHaveUsers","z3",328,50,242,308,0.05,4096.0,334,"correct"
"CommentsController__create","invariant hiddenStoriesHaveStories","z3",328,50,242,308,0.05,3993.6,330,"correct"
"CommentsController__create","invariant messagesHaveRecipients","z3",328,50,242,308,0.05,3993.6,296,"correct"
"CommentsController__create","invariant storiesHaveUsers","z3",328,50,242,308,0.05,3993.6,298,"correct"
"CommentsController__delete","invariant commentsHaveUsers","z3",308,50,214,327,0.05,3911.68,464,"correct"
"CommentsController__delete","invariant commentsHaveStories","z3",308,50,214,327,0.05,3809.28,379,"correct"
"CommentsController__delete","invariant hatsHaveUsers","z3",308,50,214,327,0.05,3758.08,385,"correct"
"CommentsController__delete","invariant hatsHaveGrantedByUsers","z3",308,50,214,327,0.05,3758.08,384,"correct"
"CommentsController__delete","invariant hatsRequestsHaveUsers","z3",308,50,214,327,0.05,3655.68,350,"correct"
"CommentsController__delete","invariant hiddenStoriesHaveUsers","z3",308,50,214,327,0.05,3758.08,382,"correct"
"CommentsController__delete","invariant hiddenStoriesHaveStories","z3",308,50,214,327,0.05,3665.92,292,"correct"
"CommentsController__delete","invariant messagesHaveRecipients","z3",308,50,214,327,0.05,3655.68,350,"correct"
"CommentsController__delete","invariant storiesHaveUsers","z3",308,50,214,327,0.05,3696.64,350,"correct"
"CommentsController__downvote","invariant commentsHaveUsers","z3",124,50,196,211,0.02,2283.52,20,"correct"
"CommentsController__downvote","invariant commentsHaveStories","z3",124,50,196,211,0.03,2273.28,20,"correct"
"CommentsController__downvote","invariant hatsHaveUsers","z3",124,50,196,211,0.03,2273.28,15,"correct"
"CommentsController__downvote","invariant hatsHaveGrantedByUsers","z3",124,50,196,211,0.03,2273.28,15,"correct"
"CommentsController__downvote","invariant hatsRequestsHaveUsers","z3",124,50,196,211,0.03,2170.88,9,"correct"
"CommentsController__downvote","invariant hiddenStoriesHaveUsers","z3",124,50,196,211,0.02,2283.52,20,"correct"
"CommentsController__downvote","invariant hiddenStoriesHaveStories","z3",124,50,196,211,0.03,2273.28,20,"correct"
"CommentsController__downvote","invariant messagesHaveRecipients","z3",124,50,196,211,0.01,2170.88,9,"correct"
"CommentsController__downvote","invariant storiesHaveUsers","z3",124,50,196,211,0.03,2170.88,9,"correct"
"CommentsController__edit","invariant commentsHaveUsers","z3",124,50,196,211,0.03,2283.52,20,"correct"
"CommentsController__edit","invariant commentsHaveStories","z3",124,50,196,211,0.02,2273.28,20,"correct"
"CommentsController__edit","invariant hatsHaveUsers","z3",124,50,196,211,0.03,2273.28,15,"correct"
"CommentsController__edit","invariant hatsHaveGrantedByUsers","z3",124,50,196,211,0.03,2273.28,15,"correct"
"CommentsController__edit","invariant hatsRequestsHaveUsers","z3",124,50,196,211,0.01,2170.88,9,"correct"
"CommentsController__edit","invariant hiddenStoriesHaveUsers","z3",124,50,196,211,0.03,2283.52,20,"correct"
"CommentsController__edit","invariant hiddenStoriesHaveStories","z3",124,50,196,211,0.03,2273.28,20,"correct"
"CommentsController__edit","invariant messagesHaveRecipients","z3",124,50,196,211,0.03,2170.88,9,"correct"
"CommentsController__edit","invariant storiesHaveUsers","z3",124,50,196,211,0.03,2170.88,9,"correct"
"CommentsController__index","invariant commentsHaveUsers","z3",588,50,213,514,0.41,13393.92,23740,"correct"
"CommentsController__index","invariant commentsHaveStories","z3",588,50,213,514,0.5,14018.56,39125,"correct"
"CommentsController__index","invariant hatsHaveUsers","z3",588,50,213,514,0.08,5816.32,2601,"correct"
"CommentsController__index","invariant hatsHaveGrantedByUsers","z3",588,50,213,514,0.08,5816.32,2601,"correct"
"CommentsController__index","invariant hatsRequestsHaveUsers","z3",588,50,213,515,0.08,5734.4,2412,"correct"
"CommentsController__index","invariant hiddenStoriesHaveUsers","z3",588,50,213,515,0.08,5939.2,2744,"correct"
"CommentsController__index","invariant hiddenStoriesHaveStories","z3",588,50,213,515,0.08,5836.8,2544,"correct"
"CommentsController__index","invariant messagesHaveRecipients","z3",588,50,213,515,0.07,5734.4,2412,"correct"
"CommentsController__index","invariant storiesHaveUsers","z3",588,50,213,514,0.08,5734.4,2412,"correct"
"CommentsController__redirect_from_short_id","invariant commentsHaveUsers","z3",124,50,196,211,0.03,2283.52,20,"correct"
"CommentsController__redirect_from_short_id","invariant commentsHaveStories","z3",124,50,196,211,0.03,2273.28,20,"correct"
"CommentsController__redirect_from_short_id","invariant hatsHaveUsers","z3",124,50,196,211,0.03,2273.28,15,"correct"
"CommentsController__redirect_from_short_id","invariant hatsHaveGrantedByUsers","z3",124,50,196,211,0.03,2273.28,15,"correct"
"CommentsController__redirect_from_short_id","invariant hatsRequestsHaveUsers","z3",124,50,196,211,0.03,2170.88,9,"correct"
"CommentsController__redirect_from_short_id","invariant hiddenStoriesHaveUsers","z3",124,50,196,211,0.02,2283.52,20,"correct"
"CommentsController__redirect_from_short_id","invariant hiddenStoriesHaveStories","z3",124,50,196,211,0.03,2273.28,20,"correct"
"CommentsController__redirect_from_short_id","invariant messagesHaveRecipients","z3",124,50,196,211,0.02,2170.88,9,"correct"
"CommentsController__redirect_from_short_id","invariant storiesHaveUsers","z3",124,50,196,211,0.02,2170.88,9,"correct"
"CommentsController__reply","invariant commentsHaveUsers","z3",284,50,212,315,0.23,8632.32,4229,"incorrect"
"CommentsController__reply","invariant commentsHaveStories","z3",284,50,212,315,0.16,9768.96,2542,"correct"
"CommentsController__reply","invariant hatsHaveUsers","z3",284,50,212,315,0.05,3614.72,335,"correct"
"CommentsController__reply","invariant hatsHaveGrantedByUsers","z3",284,50,212,315,0.02,3614.72,335,"correct"
"CommentsController__reply","invariant hatsRequestsHaveUsers","z3",284,50,212,315,0.03,3614.72,311,"correct"
"CommentsController__reply","invariant hiddenStoriesHaveUsers","z3",284,50,212,315,0.05,3717.12,349,"correct"
"CommentsController__reply","invariant hiddenStoriesHaveStories","z3",284,50,212,315,0.05,3717.12,344,"correct"
"CommentsController__reply","invariant messagesHaveRecipients","z3",284,50,212,315,0.05,3614.72,311,"correct"
"CommentsController__reply","invariant storiesHaveUsers","z3",284,50,212,315,0.05,3614.72,311,"correct"
"CommentsController__show","invariant commentsHaveUsers","z3",124,50,196,211,0.03,2283.52,20,"correct"
"CommentsController__show","invariant commentsHaveStories","z3",124,50,196,211,0.02,2273.28,20,"correct"
"CommentsController__show","invariant hatsHaveUsers","z3",124,50,196,211,0.03,2273.28,15,"correct"
"CommentsController__show","invariant hatsHaveGrantedByUsers","z3",124,50,196,211,0.02,2273.28,15,"correct"
"CommentsController__show","invariant hatsRequestsHaveUsers","z3",124,50,196,211,0.03,2170.88,9,"correct"
"CommentsController__show","invariant hiddenStoriesHaveUsers","z3",124,50,196,211,0.03,2283.52,20,"correct"
"CommentsController__show","invariant hiddenStoriesHaveStories","z3",124,50,196,211,0.03,2273.28,20,"correct"
"CommentsController__show","invariant messagesHaveRecipients","z3",124,50,196,211,0.03,2170.88,9,"correct"
"CommentsController__show","invariant storiesHaveUsers","z3",124,50,196,211,0.02,2170.88,9,"correct"
"CommentsController__show_short_id","invariant commentsHaveUsers","z3",124,50,196,211,0.03,2283.52,20,"correct"
"CommentsController__show_short_id","invariant commentsHaveStories","z3",124,50,196,211,0.03,2273.28,20,"correct"
"CommentsController__show_short_id","invariant hatsHaveUsers","z3",124,50,196,211,0.03,2273.28,15,"correct"
"CommentsController__show_short_id","invariant hatsHaveGrantedByUsers","z3",124,50,196,211,0.02,2273.28,15,"correct"
"CommentsController__show_short_id","invariant hatsRequestsHaveUsers","z3",124,50,196,211,0.03,2170.88,9,"correct"
"CommentsController__show_short_id","invariant hiddenStoriesHaveUsers","z3",124,50,196,211,0.03,2283.52,20,"correct"
"CommentsController__show_short_id","invariant hiddenStoriesHaveStories","z3",124,50,196,211,0.02,2273.28,20,"correct"
"CommentsController__show_short_id","invariant messagesHaveRecipients","z3",124,50,196,211,0.03,2170.88,9,"correct"
"CommentsController__show_short_id","invariant storiesHaveUsers","z3",124,50,196,211,0.02,2170.88,9,"correct"
"CommentsController__show_short_id","invariant commentsHaveUsers","z3",124,50,196,211,0.03,2283.52,20,"correct"
"CommentsController__show_short_id","invariant commentsHaveStories","z3",124,50,196,211,0.03,2273.28,20,"correct"
"CommentsController__show_short_id","invariant hatsHaveUsers","z3",124,50,196,211,0.03,2273.28,15,"correct"
"CommentsController__show_short_id","invariant hatsHaveGrantedByUsers","z3",124,50,196,211,0.03,2273.28,15,"correct"
"CommentsController__show_short_id","invariant hatsRequestsHaveUsers","z3",124,50,196,211,0.03,2170.88,9,"correct"
"CommentsController__show_short_id","invariant hiddenStoriesHaveUsers","z3",124,50,196,211,0.02,2283.52,20,"correct"
"CommentsController__show_short_id","invariant hiddenStoriesHaveStories","z3",124,50,196,211,0.03,2273.28,20,"correct"
"CommentsController__show_short_id","invariant messagesHaveRecipients","z3",124,50,196,211,0.03,2170.88,9,"correct"
"CommentsController__show_short_id","invariant storiesHaveUsers","z3",124,50,196,211,0.03,2170.88,9,"correct"
"CommentsController__threads","invariant commentsHaveUsers","z3",363,50,246,306,4.14,19189.76,481918,"correct"
"CommentsController__threads","invariant commentsHaveStories","z3",363,50,246,306,1.21,14899.2,159910,"correct"
"CommentsController__threads","invariant hatsHaveUsers","z3",363,50,246,306,0.04,4249.6,742,"correct"
"CommentsController__threads","invariant hatsHaveGrantedByUsers","z3",363,50,246,307,0.06,4157.44,798,"correct"
"CommentsController__threads","invariant hatsRequestsHaveUsers","z3",363,50,246,307,0.06,4362.24,818,"correct"
"CommentsController__threads","invariant hiddenStoriesHaveUsers","z3",363,50,246,307,0.06,4270.08,753,"correct"
"CommentsController__threads","invariant hiddenStoriesHaveStories","z3",363,50,246,307,0.05,4065.28,294,"correct"
"CommentsController__threads","invariant messagesHaveRecipients","z3",363,50,246,307,0.06,4259.84,744,"correct"
"CommentsController__threads","invariant storiesHaveUsers","z3",363,50,246,306,0.06,4259.84,744,"correct"
"CommentsController__undelete","invariant commentsHaveUsers","z3",332,50,216,341,0.06,4055.04,697,"correct"
"CommentsController__undelete","invariant commentsHaveStories","z3",332,50,216,341,0.05,3952.64,452,"correct"
"CommentsController__undelete","invariant hatsHaveUsers","z3",332,50,216,341,0.05,3962.88,432,"correct"
"CommentsController__undelete","invariant hatsHaveGrantedByUsers","z3",332,50,216,341,0.05,3962.88,449,"correct"
"CommentsController__undelete","invariant hatsRequestsHaveUsers","z3",332,50,216,341,0.05,4126.72,501,"correct"
"CommentsController__undelete","invariant hiddenStoriesHaveUsers","z3",332,50,216,341,0.05,4055.04,473,"correct"
"CommentsController__undelete","invariant hiddenStoriesHaveStories","z3",332,50,216,341,0.02,3829.76,292,"correct"
"CommentsController__undelete","invariant messagesHaveRecipients","z3",332,50,216,341,0.05,4024.32,492,"correct"
"CommentsController__undelete","invariant storiesHaveUsers","z3",332,50,216,341,0.05,4126.72,501,"correct"
"CommentsController__unvote","invariant commentsHaveUsers","z3",124,50,196,211,0.03,2283.52,20,"correct"
"CommentsController__unvote","invariant commentsHaveStories","z3",124,50,196,211,0.02,2273.28,20,"correct"
"CommentsController__unvote","invariant hatsHaveUsers","z3",124,50,196,211,0.01,2273.28,15,"correct"
"CommentsController__unvote","invariant hatsHaveGrantedByUsers","z3",124,50,196,211,0.01,2273.28,15,"correct"
"CommentsController__unvote","invariant hatsRequestsHaveUsers","z3",124,50,196,211,0.02,2170.88,9,"correct"
"CommentsController__unvote","invariant hiddenStoriesHaveUsers","z3",124,50,196,211,0.02,2283.52,20,"correct"
"CommentsController__unvote","invariant hiddenStoriesHaveStories","z3",124,50,196,211,0.03,2273.28,20,"correct"
"CommentsController__unvote","invariant messagesHaveRecipients","z3",124,50,196,211,0.01,2170.88,9,"correct"
"CommentsController__unvote","invariant storiesHaveUsers","z3",124,50,196,211,0.03,2170.88,9,"correct"
"CommentsController__update","invariant commentsHaveUsers","z3",287,50,210,311,0.05,3584.0,286,"correct"
"CommentsController__update","invariant commentsHaveStories","z3",287,50,210,311,0.03,3584.0,282,"correct"
"CommentsController__update","invariant hatsHaveUsers","z3",287,50,210,311,0.05,3584.0,352,"correct"
"CommentsController__update","invariant hatsHaveGrantedByUsers","z3",287,50,210,311,0.05,3584.0,352,"correct"
"CommentsController__update","invariant hatsRequestsHaveUsers","z3",287,50,210,312,0.04,3491.84,246,"correct"
"CommentsController__update","invariant hiddenStoriesHaveUsers","z3",287,50,210,312,0.04,3481.6,284,"correct"
"CommentsController__update","invariant hiddenStoriesHaveStories","z3",287,50,210,312,0.05,3481.6,280,"correct"
"CommentsController__update","invariant messagesHaveRecipients","z3",287,50,210,312,0.05,3491.84,246,"correct"
"CommentsController__update","invariant storiesHaveUsers","z3",287,50,210,311,0.05,3491.84,246,"correct"
"CommentsController__upvote","invariant commentsHaveUsers","z3",124,50,196,211,0.02,2283.52,20,"correct"
"CommentsController__upvote","invariant commentsHaveStories","z3",124,50,196,211,0.03,2273.28,20,"correct"
"CommentsController__upvote","invariant hatsHaveUsers","z3",124,50,196,211,0.03,2273.28,15,"correct"
"CommentsController__upvote","invariant hatsHaveGrantedByUsers","z3",124,50,196,211,0.03,2273.28,15,"correct"
"CommentsController__upvote","invariant hatsRequestsHaveUsers","z3",124,50,196,211,0.03,2170.88,9,"correct"
"CommentsController__upvote","invariant hiddenStoriesHaveUsers","z3",124,50,196,211,0.03,2283.52,20,"correct"
"CommentsController__upvote","invariant hiddenStoriesHaveStories","z3",124,50,196,211,0.03,2273.28,20,"correct"
"CommentsController__upvote","invariant messagesHaveRecipients","z3",124,50,196,211,0.02,2170.88,9,"correct"
"CommentsController__upvote","invariant storiesHaveUsers","z3",124,50,196,211,0.03,2170.88,9,"correct"
"FiltersController__index","invariant commentsHaveUsers","z3",277,50,201,315,0.03,3471.36,140,"correct"
"FiltersController__index","invariant commentsHaveStories","z3",277,50,201,315,0.04,3471.36,138,"correct"
"FiltersController__index","invariant hatsHaveUsers","z3",277,50,201,315,0.04,3368.96,133,"correct"
"FiltersController__index","invariant hatsHaveGrantedByUsers","z3",277,50,201,315,0.04,3368.96,133,"correct"
"FiltersController__index","invariant hatsRequestsHaveUsers","z3",277,50,201,315,0.04,3368.96,121,"correct"
"FiltersController__index","invariant hiddenStoriesHaveUsers","z3",277,50,201,315,0.04,3471.36,140,"correct"
"FiltersController__index","invariant hiddenStoriesHaveStories","z3",277,50,201,315,0.04,3471.36,138,"correct"
"FiltersController__index","invariant messagesHaveRecipients","z3",277,50,201,315,0.03,3368.96,121,"correct"
"FiltersController__index","invariant storiesHaveUsers","z3",277,50,201,315,0.03,3368.96,121,"correct"
"FiltersController__update","invariant commentsHaveUsers","z3",446,50,218,417,0.06,4331.52,520,"correct"
"FiltersController__update","invariant commentsHaveStories","z3",446,50,218,417,0.06,4331.52,516,"correct"
"FiltersController__update","invariant hatsHaveUsers","z3",446,50,218,417,0.06,4956.16,498,"correct"
"FiltersController__update","invariant hatsHaveGrantedByUsers","z3",446,50,218,417,0.06,4956.16,498,"correct"
"FiltersController__update","invariant hatsRequestsHaveUsers","z3",446,50,218,417,0.06,4229.12,466,"correct"
"FiltersController__update","invariant hiddenStoriesHaveUsers","z3",446,50,218,417,0.04,4945.92,520,"correct"
"FiltersController__update","invariant hiddenStoriesHaveStories","z3",446,50,218,417,0.06,4945.92,516,"correct"
"FiltersController__update","invariant messagesHaveRecipients","z3",446,50,218,417,0.06,4229.12,466,"correct"
"FiltersController__update","invariant storiesHaveUsers","z3",446,50,218,417,0.06,4229.12,466,"correct"
"HatsController__approve_request","invariant commentsHaveUsers","z3",296,50,229,301,0.05,3747.84,177,"correct"
"HatsController__approve_request","invariant commentsHaveStories","z3",296,50,229,302,0.05,3747.84,175,"correct"
"HatsController__approve_request","invariant hatsHaveUsers","z3",296,50,229,301,0.05,5785.6,614,"correct"
"HatsController__approve_request","invariant hatsHaveGrantedByUsers","z3",296,50,229,302,0.04,3850.24,207,"correct"
"HatsController__approve_request","invariant hatsRequestsHaveUsers","z3",296,50,229,302,0.05,3737.6,176,"correct"
"HatsController__approve_request","invariant hiddenStoriesHaveUsers","z3",296,50,229,302,0.05,3747.84,177,"correct"
"HatsController__approve_request","invariant hiddenStoriesHaveStories","z3",296,50,229,302,0.05,3747.84,175,"correct"
"HatsController__approve_request","invariant messagesHaveRecipients","z3",296,50,229,302,0.07,5847.04,561,"correct"
"HatsController__approve_request","invariant storiesHaveUsers","z3",296,50,229,301,0.05,3645.44,158,"correct"
"HatsController__build_request","invariant commentsHaveUsers","z3",123,50,195,213,0.03,2283.52,22,"correct"
"HatsController__build_request","invariant commentsHaveStories","z3",123,50,195,213,0.03,2283.52,22,"correct"
"HatsController__build_request","invariant hatsHaveUsers","z3",123,50,195,212,0.03,2283.52,17,"correct"
"HatsController__build_request","invariant hatsHaveGrantedByUsers","z3",123,50,195,213,0.02,2273.28,17,"correct"
"HatsController__build_request","invariant hatsRequestsHaveUsers","z3",123,50,195,213,0.1,5601.28,661,"incorrect"
"HatsController__build_request","invariant hiddenStoriesHaveUsers","z3",123,50,195,213,0.02,2273.28,22,"correct"
"HatsController__build_request","invariant hiddenStoriesHaveStories","z3",123,50,195,213,0.01,2273.28,22,"correct"
"HatsController__build_request","invariant messagesHaveRecipients","z3",123,50,195,213,0.02,2170.88,11,"correct"
"HatsController__build_request","invariant storiesHaveUsers","z3",123,50,195,212,0.03,2170.88,11,"correct"
"HatsController__create_request","invariant commentsHaveUsers","z3",127,50,200,213,0.03,2283.52,23,"correct"
"HatsController__create_request","invariant commentsHaveStories","z3",127,50,200,213,0.03,2304.0,23,"correct"
"HatsController__create_request","invariant hatsHaveUsers","z3",127,50,200,213,0.02,2293.76,18,"correct"
"HatsController__create_request","invariant hatsHaveGrantedByUsers","z3",127,50,200,213,0.03,2293.76,18,"correct"
"HatsController__create_request","invariant hatsRequestsHaveUsers","z3",127,50,200,213,0.02,2304.0,31,"correct"
"HatsController__create_request","invariant hiddenStoriesHaveUsers","z3",127,50,200,213,0.03,2283.52,23,"correct"
"HatsController__create_request","invariant hiddenStoriesHaveStories","z3",127,50,200,213,0.03,2293.76,23,"correct"
"HatsController__create_request","invariant messagesHaveRecipients","z3",127,50,200,213,0.01,2283.52,12,"correct"
"HatsController__create_request","invariant storiesHaveUsers","z3",127,50,200,213,0.02,2283.52,12,"correct"
"HatsController__index","invariant commentsHaveUsers","z3",121,50,191,213,0.03,2160.64,20,"correct"
"HatsController__index","invariant commentsHaveStories","z3",121,50,191,214,0.03,2160.64,20,"correct"
"HatsController__index","invariant hatsHaveUsers","z3",121,50,191,213,0.03,2160.64,15,"correct"
"HatsController__index","invariant hatsHaveGrantedByUsers","z3",121,50,191,214,0.03,2160.64,15,"correct"
"HatsController__index","invariant hatsRequestsHaveUsers","z3",121,50,191,214,0.03,2160.64,9,"correct"
"HatsController__index","invariant hiddenStoriesHaveUsers","z3",121,50,191,214,0.03,2160.64,20,"correct"
"HatsController__index","invariant hiddenStoriesHaveStories","z3",121,50,191,214,0.01,2160.64,20,"correct"
"HatsController__index","invariant messagesHaveRecipients","z3",121,50,191,214,0.03,2160.64,9,"correct"
"HatsController__index","invariant storiesHaveUsers","z3",121,50,191,213,0.01,2160.64,9,"correct"
"HatsController__reject_request","invariant commentsHaveUsers","z3",286,50,215,308,0.05,3584.0,168,"correct"
"HatsController__reject_request","invariant commentsHaveStories","z3",286,50,215,308,0.05,3584.0,166,"correct"
"HatsController__reject_request","invariant hatsHaveUsers","z3",286,50,215,308,0.05,3584.0,161,"correct"
"HatsController__reject_request","invariant hatsHaveGrantedByUsers","z3",286,50,215,308,0.03,3584.0,161,"correct"
"HatsController__reject_request","invariant hatsRequestsHaveUsers","z3",286,50,215,308,0.05,3584.0,165,"correct"
"HatsController__reject_request","invariant hiddenStoriesHaveUsers","z3",286,50,215,308,0.04,3584.0,168,"correct"
"HatsController__reject_request","invariant hiddenStoriesHaveStories","z3",286,50,215,308,0.05,3584.0,166,"correct"
"HatsController__reject_request","invariant messagesHaveRecipients","z3",286,50,215,308,0.09,6993.92,1082,"correct"
"HatsController__reject_request","invariant storiesHaveUsers","z3",286,50,215,308,0.02,3584.0,149,"correct"
"HatsController__requests_index","invariant commentsHaveUsers","z3",272,50,195,320,0.04,3440.64,140,"correct"
"HatsController__requests_index","invariant commentsHaveStories","z3",272,50,195,320,0.03,3440.64,138,"correct"
"HatsController__requests_index","invariant hatsHaveUsers","z3",272,50,195,320,0.04,3440.64,133,"correct"
"HatsController__requests_index","invariant hatsHaveGrantedByUsers","z3",272,50,195,320,0.04,3440.64,133,"correct"
"HatsController__requests_index","invariant hatsRequestsHaveUsers","z3",272,50,195,320,0.04,3338.24,122,"correct"
"HatsController__requests_index","invariant hiddenStoriesHaveUsers","z3",272,50,195,320,0.04,3440.64,140,"correct"
"HatsController__requests_index","invariant hiddenStoriesHaveStories","z3",272,50,195,320,0.04,3440.64,138,"correct"
"HatsController__requests_index","invariant messagesHaveRecipients","z3",272,50,195,320,0.02,3338.24,121,"correct"
"HatsController__requests_index","invariant storiesHaveUsers","z3",272,50,195,320,0.03,3338.24,121,"correct"
"HomeController__about","invariant commentsHaveUsers","z3",271,50,193,322,0.04,3440.64,280,"correct"
"HomeController__about","invariant commentsHaveStories","z3",271,50,193,322,0.04,3440.64,276,"correct"
"HomeController__about","invariant hatsHaveUsers","z3",271,50,193,322,0.04,3328.0,266,"correct"
"HomeController__about","invariant hatsHaveGrantedByUsers","z3",271,50,193,322,0.04,3328.0,266,"correct"
"HomeController__about","invariant hatsRequestsHaveUsers","z3",271,50,193,323,0.04,3338.24,242,"correct"
"HomeController__about","invariant hiddenStoriesHaveUsers","z3",271,50,193,323,0.05,3430.4,280,"correct"
"HomeController__about","invariant hiddenStoriesHaveStories","z3",271,50,193,323,0.04,3430.4,276,"correct"
"HomeController__about","invariant messagesHaveRecipients","z3",271,50,193,323,0.04,3338.24,242,"correct"
"HomeController__about","invariant storiesHaveUsers","z3",271,50,193,322,0.04,3338.24,242,"correct"
"HomeController__chat","invariant commentsHaveUsers","z3",271,50,193,322,0.04,3440.64,280,"correct"
"HomeController__chat","invariant commentsHaveStories","z3",271,50,193,322,0.04,3440.64,276,"correct"
"HomeController__chat","invariant hatsHaveUsers","z3",271,50,193,322,0.04,3328.0,266,"correct"
"HomeController__chat","invariant hatsHaveGrantedByUsers","z3",271,50,193,322,0.04,3328.0,266,"correct"
"HomeController__chat","invariant hatsRequestsHaveUsers","z3",271,50,193,323,0.04,3338.24,242,"correct"
"HomeController__chat","invariant hiddenStoriesHaveUsers","z3",271,50,193,323,0.05,3430.4,280,"correct"
"HomeController__chat","invariant hiddenStoriesHaveStories","z3",271,50,193,323,0.04,3430.4,276,"correct"
"HomeController__chat","invariant messagesHaveRecipients","z3",271,50,193,323,0.04,3338.24,242,"correct"
"HomeController__chat","invariant storiesHaveUsers","z3",271,50,193,322,0.04,3338.24,242,"correct"
"HomeController__hidden","invariant commentsHaveUsers","z3",121,50,191,213,0.03,2160.64,20,"correct"
"HomeController__hidden","invariant commentsHaveStories","z3",121,50,191,214,0.03,2160.64,20,"correct"
"HomeController__hidden","invariant hatsHaveUsers","z3",121,50,191,213,0.02,2160.64,15,"correct"
"HomeController__hidden","invariant hatsHaveGrantedByUsers","z3",121,50,191,214,0.03,2160.64,15,"correct"
"HomeController__hidden","invariant hatsRequestsHaveUsers","z3",121,50,191,214,0.03,2160.64,9,"correct"
"HomeController__hidden","invariant hiddenStoriesHaveUsers","z3",121,50,191,214,0.03,2160.64,20,"correct"
"HomeController__hidden","invariant hiddenStoriesHaveStories","z3",121,50,191,214,0.03,2160.64,20,"correct"
"HomeController__hidden","invariant messagesHaveRecipients","z3",121,50,191,214,0.02,2160.64,9,"correct"
"HomeController__hidden","invariant storiesHaveUsers","z3",121,50,191,213,0.02,2160.64,9,"correct"
"HomeController__index","invariant commentsHaveUsers","z3",274,50,198,317,0.04,3420.16,283,"correct"
"HomeController__index","invariant commentsHaveStories","z3",274,50,198,317,0.05,3420.16,279,"correct"
"HomeController__index","invariant hatsHaveUsers","z3",274,50,198,317,0.04,3420.16,269,"correct"
"HomeController__index","invariant hatsHaveGrantedByUsers","z3",274,50,198,317,0.04,3420.16,269,"correct"
"HomeController__index","invariant hatsRequestsHaveUsers","z3",274,50,198,317,0.04,3420.16,244,"correct"
"HomeController__index","invariant hiddenStoriesHaveUsers","z3",274,50,198,318,0.05,3420.16,283,"correct"
"HomeController__index","invariant hiddenStoriesHaveStories","z3",274,50,198,318,0.05,3420.16,279,"correct"
"HomeController__index","invariant messagesHaveRecipients","z3",274,50,198,317,0.04,3420.16,244,"correct"
"HomeController__index","invariant storiesHaveUsers","z3",274,50,198,317,0.04,3420.16,244,"correct"
"HomeController__newest","invariant commentsHaveUsers","z3",274,50,198,317,0.04,3420.16,283,"correct"
"HomeController__newest","invariant commentsHaveStories","z3",274,50,198,317,0.04,3420.16,279,"correct"
"HomeController__newest","invariant hatsHaveUsers","z3",274,50,198,317,0.05,3420.16,269,"correct"
"HomeController__newest","invariant hatsHaveGrantedByUsers","z3",274,50,198,317,0.05,3420.16,269,"correct"
"HomeController__newest","invariant hatsRequestsHaveUsers","z3",274,50,198,317,0.05,3420.16,244,"correct"
"HomeController__newest","invariant hiddenStoriesHaveUsers","z3",274,50,198,318,0.04,3420.16,283,"correct"
"HomeController__newest","invariant hiddenStoriesHaveStories","z3",274,50,198,318,0.04,3420.16,279,"correct"
"HomeController__newest","invariant messagesHaveRecipients","z3",274,50,198,317,0.04,3420.16,244,"correct"
"HomeController__newest","invariant storiesHaveUsers","z3",274,50,198,317,0.02,3420.16,244,"correct"
"HomeController__newest_by_user","invariant commentsHaveUsers","z3",121,50,191,213,0.02,2160.64,20,"correct"
"HomeController__newest_by_user","invariant commentsHaveStories","z3",121,50,191,214,0.03,2160.64,20,"correct"
"HomeController__newest_by_user","invariant hatsHaveUsers","z3",121,50,191,213,0.02,2160.64,15,"correct"
"HomeController__newest_by_user","invariant hatsHaveGrantedByUsers","z3",121,50,191,214,0.03,2160.64,15,"correct"
"HomeController__newest_by_user","invariant hatsRequestsHaveUsers","z3",121,50,191,214,0.01,2160.64,9,"correct"
"HomeController__newest_by_user","invariant hiddenStoriesHaveUsers","z3",121,50,191,214,0.03,2160.64,20,"correct"
"HomeController__newest_by_user","invariant hiddenStoriesHaveStories","z3",121,50,191,214,0.02,2160.64,20,"correct"
"HomeController__newest_by_user","invariant messagesHaveRecipients","z3",121,50,191,214,0.01,2160.64,9,"correct"
"HomeController__newest_by_user","invariant storiesHaveUsers","z3",121,50,191,213,0.02,2160.64,9,"correct"
"HomeController__newest_by_user","invariant commentsHaveUsers","z3",121,50,191,213,0.03,2160.64,20,"correct"
"HomeController__newest_by_user","invariant commentsHaveStories","z3",121,50,191,214,0.03,2160.64,20,"correct"
"HomeController__newest_by_user","invariant hatsHaveUsers","z3",121,50,191,213,0.02,2160.64,15,"correct"
"HomeController__newest_by_user","invariant hatsHaveGrantedByUsers","z3",121,50,191,214,0.03,2160.64,15,"correct"
"HomeController__newest_by_user","invariant hatsRequestsHaveUsers","z3",121,50,191,214,0.02,2160.64,9,"correct"
"HomeController__newest_by_user","invariant hiddenStoriesHaveUsers","z3",121,50,191,214,0.03,2160.64,20,"correct"
"HomeController__newest_by_user","invariant hiddenStoriesHaveStories","z3",121,50,191,214,0.03,2160.64,20,"correct"
"HomeController__newest_by_user","invariant messagesHaveRecipients","z3",121,50,191,214,0.01,2160.64,9,"correct"
"HomeController__newest_by_user","invariant storiesHaveUsers","z3",121,50,191,213,0.03,2160.64,9,"correct"
"HomeController__privacy","invariant commentsHaveUsers","z3",271,50,193,322,0.04,3440.64,280,"correct"
"HomeController__privacy","invariant commentsHaveStories","z3",271,50,193,322,0.04,3440.64,276,"correct"
"HomeController__privacy","invariant hatsHaveUsers","z3",271,50,193,322,0.04,3328.0,266,"correct"
"HomeController__privacy","invariant hatsHaveGrantedByUsers","z3",271,50,193,322,0.04,3328.0,266,"correct"
"HomeController__privacy","invariant hatsRequestsHaveUsers","z3",271,50,193,323,0.04,3338.24,242,"correct"
"HomeController__privacy","invariant hiddenStoriesHaveUsers","z3",271,50,193,323,0.04,3430.4,280,"correct"
"HomeController__privacy","invariant hiddenStoriesHaveStories","z3",271,50,193,323,0.05,3430.4,276,"correct"
"HomeController__privacy","invariant messagesHaveRecipients","z3",271,50,193,323,0.04,3338.24,242,"correct"
"HomeController__privacy","invariant storiesHaveUsers","z3",271,50,193,322,0.04,3338.24,242,"correct"
"HomeController__recent","invariant commentsHaveUsers","z3",121,50,191,213,0.03,2160.64,20,"correct"
"HomeController__recent","invariant commentsHaveStories","z3",121,50,191,214,0.02,2160.64,20,"correct"
"HomeController__recent","invariant hatsHaveUsers","z3",121,50,191,213,0.02,2160.64,15,"correct"
"HomeController__recent","invariant hatsHaveGrantedByUsers","z3",121,50,191,214,0.03,2160.64,15,"correct"
"HomeController__recent","invariant hatsRequestsHaveUsers","z3",121,50,191,214,0.03,2160.64,9,"correct"
"HomeController__recent","invariant hiddenStoriesHaveUsers","z3",121,50,191,214,0.02,2160.64,20,"correct"
"HomeController__recent","invariant hiddenStoriesHaveStories","z3",121,50,191,214,0.02,2160.64,20,"correct"
"HomeController__recent","invariant messagesHaveRecipients","z3",121,50,191,214,0.02,2160.64,9,"correct"
"HomeController__recent","invariant storiesHaveUsers","z3",121,50,191,213,0.03,2160.64,9,"correct"
"HomeController__tagged","invariant commentsHaveUsers","z3",123,50,195,211,0.03,2283.52,25,"correct"
"HomeController__tagged","invariant commentsHaveStories","z3",123,50,195,211,0.02,2170.88,25,"correct"
"HomeController__tagged","invariant hatsHaveUsers","z3",123,50,195,211,0.03,2170.88,20,"correct"
"HomeController__tagged","invariant hatsHaveGrantedByUsers","z3",123,50,195,211,0.03,2273.28,20,"correct"
"HomeController__tagged","invariant hatsRequestsHaveUsers","z3",123,50,195,211,0.03,2170.88,14,"correct"
"HomeController__tagged","invariant hiddenStoriesHaveUsers","z3",123,50,195,211,0.02,2283.52,25,"correct"
"HomeController__tagged","invariant hiddenStoriesHaveStories","z3",123,50,195,211,0.03,2170.88,25,"correct"
"HomeController__tagged","invariant messagesHaveRecipients","z3",123,50,195,211,0.01,2170.88,14,"correct"
"HomeController__tagged","invariant storiesHaveUsers","z3",123,50,195,211,0.01,2170.88,14,"correct"
"HomeController__top","invariant commentsHaveUsers","z3",121,50,191,213,0.02,2160.64,20,"correct"
"HomeController__top","invariant commentsHaveStories","z3",121,50,191,214,0.02,2160.64,20,"correct"
"HomeController__top","invariant hatsHaveUsers","z3",121,50,191,213,0.02,2160.64,15,"correct"
"HomeController__top","invariant hatsHaveGrantedByUsers","z3",121,50,191,214,0.03,2160.64,15,"correct"
"HomeController__top","invariant hatsRequestsHaveUsers","z3",121,50,191,214,0.03,2160.64,9,"correct"
"HomeController__top","invariant hiddenStoriesHaveUsers","z3",121,50,191,214,0.03,2160.64,20,"correct"
"HomeController__top","invariant hiddenStoriesHaveStories","z3",121,50,191,214,0.03,2160.64,20,"correct"
"HomeController__top","invariant messagesHaveRecipients","z3",121,50,191,214,0.03,2160.64,9,"correct"
"HomeController__top","invariant storiesHaveUsers","z3",121,50,191,213,0.02,2160.64,9,"correct"
"HomeController__upvoted","invariant commentsHaveUsers","z3",121,50,191,213,0.03,2160.64,20,"correct"
"HomeController__upvoted","invariant commentsHaveStories","z3",121,50,191,214,0.02,2160.64,20,"correct"
"HomeController__upvoted","invariant hatsHaveUsers","z3",121,50,191,213,0.02,2160.64,15,"correct"
"HomeController__upvoted","invariant hatsHaveGrantedByUsers","z3",121,50,191,214,0.02,2160.64,15,"correct"
"HomeController__upvoted","invariant hatsRequestsHaveUsers","z3",121,50,191,214,0.02,2160.64,9,"correct"
"HomeController__upvoted","invariant hiddenStoriesHaveUsers","z3",121,50,191,214,0.02,2160.64,20,"correct"
"HomeController__upvoted","invariant hiddenStoriesHaveStories","z3",121,50,191,214,0.03,2160.64,20,"correct"
"HomeController__upvoted","invariant messagesHaveRecipients","z3",121,50,191,214,0.03,2160.64,9,"correct"
"HomeController__upvoted","invariant storiesHaveUsers","z3",121,50,191,213,0.02,2160.64,9,"correct"
"InvitationsController__build","invariant commentsHaveUsers","z3",123,50,194,213,0.02,2283.52,22,"correct"
"InvitationsController__build","invariant commentsHaveStories","z3",123,50,194,213,0.03,2160.64,22,"correct"
"InvitationsController__build","invariant hatsHaveUsers","z3",123,50,194,213,0.01,2160.64,17,"correct"
"InvitationsController__build","invariant hatsHaveGrantedByUsers","z3",123,50,194,213,0.03,2273.28,17,"correct"
"InvitationsController__build","invariant hatsRequestsHaveUsers","z3",123,50,194,213,0.02,2160.64,11,"correct"
"InvitationsController__build","invariant hiddenStoriesHaveUsers","z3",123,50,194,213,0.02,2283.52,22,"correct"
"InvitationsController__build","invariant hiddenStoriesHaveStories","z3",123,50,194,214,0.02,2160.64,22,"correct"
"InvitationsController__build","invariant messagesHaveRecipients","z3",123,50,194,213,0.03,2160.64,11,"correct"
"InvitationsController__build","invariant storiesHaveUsers","z3",123,50,194,213,0.03,2160.64,11,"correct"
"InvitationsController__confirm_email","invariant commentsHaveUsers","z3",122,50,195,212,0.02,2283.52,21,"correct"
"InvitationsController__confirm_email","invariant commentsHaveStories","z3",122,50,195,212,0.02,2283.52,21,"correct"
"InvitationsController__confirm_email","invariant hatsHaveUsers","z3",122,50,195,212,0.02,2283.52,16,"correct"
"InvitationsController__confirm_email","invariant hatsHaveGrantedByUsers","z3",122,50,195,212,0.03,2283.52,16,"correct"
"InvitationsController__confirm_email","invariant hatsRequestsHaveUsers","z3",122,50,195,212,0.03,2181.12,10,"correct"
"InvitationsController__confirm_email","invariant hiddenStoriesHaveUsers","z3",122,50,195,212,0.03,2283.52,21,"correct"
"InvitationsController__confirm_email","invariant hiddenStoriesHaveStories","z3",122,50,195,213,0.03,2283.52,21,"correct"
"InvitationsController__confirm_email","invariant messagesHaveRecipients","z3",122,50,195,212,0.03,2170.88,10,"correct"
"InvitationsController__confirm_email","invariant storiesHaveUsers","z3",122,50,195,212,0.03,2170.88,10,"correct"
"InvitationsController__create","invariant commentsHaveUsers","z3",127,50,200,212,0.03,2283.52,23,"correct"
"InvitationsController__create","invariant commentsHaveStories","z3",127,50,200,212,0.03,2293.76,23,"correct"
"InvitationsController__create","invariant hatsHaveUsers","z3",127,50,200,212,0.02,2293.76,18,"correct"
"InvitationsController__create","invariant hatsHaveGrantedByUsers","z3",127,50,200,212,0.03,2293.76,18,"correct"
"InvitationsController__create","invariant hatsRequestsHaveUsers","z3",127,50,200,213,0.02,2283.52,12,"correct"
"InvitationsController__create","invariant hiddenStoriesHaveUsers","z3",127,50,200,213,0.03,2283.52,23,"correct"
"InvitationsController__create","invariant hiddenStoriesHaveStories","z3",127,50,200,213,0.03,2304.0,23,"correct"
"InvitationsController__create","invariant messagesHaveRecipients","z3",127,50,200,213,0.03,2283.52,12,"correct"
"InvitationsController__create","invariant storiesHaveUsers","z3",127,50,200,212,0.03,2283.52,12,"correct"
"InvitationsController__create_by_request","invariant commentsHaveUsers","z3",123,50,194,213,0.02,2283.52,22,"correct"
"InvitationsController__create_by_request","invariant commentsHaveStories","z3",123,50,194,213,0.02,2160.64,22,"correct"
"InvitationsController__create_by_request","invariant hatsHaveUsers","z3",123,50,194,213,0.03,2160.64,17,"correct"
"InvitationsController__create_by_request","invariant hatsHaveGrantedByUsers","z3",123,50,194,213,0.02,2273.28,17,"correct"
"InvitationsController__create_by_request","invariant hatsRequestsHaveUsers","z3",123,50,194,213,0.02,2160.64,11,"correct"
"InvitationsController__create_by_request","invariant hiddenStoriesHaveUsers","z3",123,50,194,213,0.03,2283.52,22,"correct"
"InvitationsController__create_by_request","invariant hiddenStoriesHaveStories","z3",123,50,194,214,0.03,2160.64,22,"correct"
"InvitationsController__create_by_request","invariant messagesHaveRecipients","z3",123,50,194,213,0.02,2160.64,11,"correct"
"InvitationsController__create_by_request","invariant storiesHaveUsers","z3",123,50,194,213,0.03,2160.64,11,"correct"
"InvitationsController__create_by_request","invariant commentsHaveUsers","z3",123,50,194,213,0.03,2283.52,22,"correct"
"InvitationsController__create_by_request","invariant commentsHaveStories","z3",123,50,194,213,0.03,2160.64,22,"correct"
"InvitationsController__create_by_request","invariant hatsHaveUsers","z3",123,50,194,213,0.03,2160.64,17,"correct"
"InvitationsController__create_by_request","invariant hatsHaveGrantedByUsers","z3",123,50,194,213,0.03,2273.28,17,"correct"
"InvitationsController__create_by_request","invariant hatsRequestsHaveUsers","z3",123,50,194,213,0.01,2160.64,11,"correct"
"InvitationsController__create_by_request","invariant hiddenStoriesHaveUsers","z3",123,50,194,213,0.03,2283.52,22,"correct"
"InvitationsController__create_by_request","invariant hiddenStoriesHaveStories","z3",123,50,194,214,0.03,2160.64,22,"correct"
"InvitationsController__create_by_request","invariant messagesHaveRecipients","z3",123,50,194,213,0.03,2160.64,11,"correct"
"InvitationsController__create_by_request","invariant storiesHaveUsers","z3",123,50,194,213,0.03,2160.64,11,"correct"
"InvitationsController__delete_request","invariant commentsHaveUsers","z3",125,50,199,210,0.03,2293.76,26,"correct"
"InvitationsController__delete_request","invariant commentsHaveStories","z3",125,50,199,210,0.01,2293.76,26,"correct"
"InvitationsController__delete_request","invariant hatsHaveUsers","z3",125,50,199,210,0.03,2293.76,21,"correct"
"InvitationsController__delete_request","invariant hatsHaveGrantedByUsers","z3",125,50,199,210,0.03,2293.76,21,"correct"
"InvitationsController__delete_request","invariant hatsRequestsHaveUsers","z3",125,50,199,210,0.02,2293.76,15,"correct"
"InvitationsController__delete_request","invariant hiddenStoriesHaveUsers","z3",125,50,199,210,0.02,2293.76,26,"correct"
"InvitationsController__delete_request","invariant hiddenStoriesHaveStories","z3",125,50,199,210,0.03,2293.76,26,"correct"
"InvitationsController__delete_request","invariant messagesHaveRecipients","z3",125,50,199,210,0.03,2293.76,15,"correct"
"InvitationsController__delete_request","invariant storiesHaveUsers","z3",125,50,199,210,0.03,2293.76,15,"correct"
"InvitationsController__index","invariant commentsHaveUsers","z3",123,50,193,213,0.03,2160.64,20,"correct"
"InvitationsController__index","invariant commentsHaveStories","z3",123,50,193,213,0.02,2160.64,20,"correct"
"InvitationsController__index","invariant hatsHaveUsers","z3",123,50,193,213,0.03,2160.64,15,"correct"
"InvitationsController__index","invariant hatsHaveGrantedByUsers","z3",123,50,193,213,0.03,2160.64,15,"correct"
"InvitationsController__index","invariant hatsRequestsHaveUsers","z3",123,50,193,213,0.02,2160.64,9,"correct"
"InvitationsController__index","invariant hiddenStoriesHaveUsers","z3",123,50,193,213,0.02,2160.64,20,"correct"
"InvitationsController__index","invariant hiddenStoriesHaveStories","z3",123,50,193,213,0.02,2160.64,20,"correct"
"InvitationsController__index","invariant messagesHaveRecipients","z3",123,50,193,213,0.03,2160.64,9,"correct"
"InvitationsController__index","invariant storiesHaveUsers","z3",123,50,193,213,0.03,2160.64,9,"correct"
"InvitationsController__send_for_request","invariant commentsHaveUsers","z3",131,50,207,210,0.03,2304.0,29,"correct"
"InvitationsController__send_for_request","invariant commentsHaveStories","z3",131,50,207,210,0.03,2293.76,29,"correct"
"InvitationsController__send_for_request","invariant hatsHaveUsers","z3",131,50,207,210,0.02,2304.0,24,"correct"
"InvitationsController__send_for_request","invariant hatsHaveGrantedByUsers","z3",131,50,207,210,0.03,2304.0,24,"correct"
"InvitationsController__send_for_request","invariant hatsRequestsHaveUsers","z3",131,50,207,210,0.03,2304.0,18,"correct"
"InvitationsController__send_for_request","invariant hiddenStoriesHaveUsers","z3",131,50,207,210,0.03,2304.0,29,"correct"
"InvitationsController__send_for_request","invariant hiddenStoriesHaveStories","z3",131,50,207,210,0.03,2293.76,29,"correct"
"InvitationsController__send_for_request","invariant messagesHaveRecipients","z3",131,50,207,210,0.03,2304.0,18,"correct"
"InvitationsController__send_for_request","invariant storiesHaveUsers","z3",131,50,207,210,0.02,2304.0,18,"correct"
"LoginController__forgot_password","invariant commentsHaveUsers","z3",121,50,191,213,0.03,2160.64,20,"correct"
"LoginController__forgot_password","invariant commentsHaveStories","z3",121,50,191,214,0.02,2160.64,20,"correct"
"LoginController__forgot_password","invariant hatsHaveUsers","z3",121,50,191,213,0.02,2160.64,15,"correct"
"LoginController__forgot_password","invariant hatsHaveGrantedByUsers","z3",121,50,191,214,0.02,2160.64,15,"correct"
"LoginController__forgot_password","invariant hatsRequestsHaveUsers","z3",121,50,191,214,0.03,2160.64,9,"correct"
"LoginController__forgot_password","invariant hiddenStoriesHaveUsers","z3",121,50,191,214,0.02,2160.64,20,"correct"
"LoginController__forgot_password","invariant hiddenStoriesHaveStories","z3",121,50,191,214,0.02,2160.64,20,"correct"
"LoginController__forgot_password","invariant messagesHaveRecipients","z3",121,50,191,214,0.02,2160.64,9,"correct"
"LoginController__forgot_password","invariant storiesHaveUsers","z3",121,50,191,213,0.03,2160.64,9,"correct"
"LoginController__index","invariant commentsHaveUsers","z3",121,50,191,213,0.03,2160.64,20,"correct"
"LoginController__index","invariant commentsHaveStories","z3",121,50,191,214,0.03,2160.64,20,"correct"
"LoginController__index","invariant hatsHaveUsers","z3",121,50,191,213,0.02,2160.64,15,"correct"
"LoginController__index","invariant hatsHaveGrantedByUsers","z3",121,50,191,214,0.03,2160.64,15,"correct"
"LoginController__index","invariant hatsRequestsHaveUsers","z3",121,50,191,214,0.03,2160.64,9,"correct"
"LoginController__index","invariant hiddenStoriesHaveUsers","z3",121,50,191,214,0.03,2160.64,20,"correct"
"LoginController__index","invariant hiddenStoriesHaveStories","z3",121,50,191,214,0.03,2160.64,20,"correct"
"LoginController__index","invariant messagesHaveRecipients","z3",121,50,191,214,0.02,2160.64,9,"correct"
"LoginController__index","invariant storiesHaveUsers","z3",121,50,191,213,0.03,2160.64,9,"correct"
"LoginController__login","invariant commentsHaveUsers","z3",121,50,191,213,0.03,2160.64,20,"correct"
"LoginController__login","invariant commentsHaveStories","z3",121,50,191,214,0.02,2160.64,20,"correct"
"LoginController__login","invariant hatsHaveUsers","z3",121,50,191,213,0.03,2160.64,15,"correct"
"LoginController__login","invariant hatsHaveGrantedByUsers","z3",121,50,191,214,0.03,2160.64,15,"correct"
"LoginController__login","invariant hatsRequestsHaveUsers","z3",121,50,191,214,0.01,2160.64,9,"correct"
"LoginController__login","invariant hiddenStoriesHaveUsers","z3",121,50,191,214,0.02,2160.64,20,"correct"
"LoginController__login","invariant hiddenStoriesHaveStories","z3",121,50,191,214,0.02,2160.64,20,"correct"
"LoginController__login","invariant messagesHaveRecipients","z3",121,50,191,214,0.02,2160.64,9,"correct"
"LoginController__login","invariant storiesHaveUsers","z3",121,50,191,213,0.02,2160.64,9,"correct"
"LoginController__logout","invariant commentsHaveUsers","z3",121,50,191,213,0.03,2160.64,20,"correct"
"LoginController__logout","invariant commentsHaveStories","z3",121,50,191,214,0.02,2160.64,20,"correct"
"LoginController__logout","invariant hatsHaveUsers","z3",121,50,191,213,0.02,2160.64,15,"correct"
"LoginController__logout","invariant hatsHaveGrantedByUsers","z3",121,50,191,214,0.03,2160.64,15,"correct"
"LoginController__logout","invariant hatsRequestsHaveUsers","z3",121,50,191,214,0.03,2160.64,9,"correct"
"LoginController__logout","invariant hiddenStoriesHaveUsers","z3",121,50,191,214,0.01,2160.64,20,"correct"
"LoginController__logout","invariant hiddenStoriesHaveStories","z3",121,50,191,214,0.02,2160.64,20,"correct"
"LoginController__logout","invariant messagesHaveRecipients","z3",121,50,191,214,0.03,2160.64,9,"correct"
"LoginController__logout","invariant storiesHaveUsers","z3",121,50,191,213,0.01,2160.64,9,"correct"
"LoginController__reset_password","invariant commentsHaveUsers","z3",120,50,191,213,0.01,1505.28,0,"correct"
"LoginController__reset_password","invariant commentsHaveStories","z3",120,50,191,213,0.01,1505.28,0,"correct"
"LoginController__reset_password","invariant hatsHaveUsers","z3",120,50,191,213,0.01,1505.28,0,"correct"
"LoginController__reset_password","invariant hatsHaveGrantedByUsers","z3",120,50,191,213,0.01,1505.28,0,"correct"
"LoginController__reset_password","invariant hatsRequestsHaveUsers","z3",120,50,191,213,0.01,1505.28,0,"correct"
"LoginController__reset_password","invariant hiddenStoriesHaveUsers","z3",120,50,191,213,0.01,1505.28,0,"correct"
"LoginController__reset_password","invariant hiddenStoriesHaveStories","z3",120,50,191,213,0.01,1505.28,0,"correct"
"LoginController__reset_password","invariant messagesHaveRecipients","z3",120,50,191,213,0.01,1505.28,0,"correct"
"LoginController__reset_password","invariant storiesHaveUsers","z3",120,50,191,213,0.01,1505.28,0,"correct"
"LoginController__set_new_password","invariant commentsHaveUsers","z3",121,50,191,213,0.03,2160.64,20,"correct"
"LoginController__set_new_password","invariant commentsHaveStories","z3",121,50,191,214,0.03,2160.64,20,"correct"
"LoginController__set_new_password","invariant hatsHaveUsers","z3",121,50,191,213,0.03,2160.64,15,"correct"
"LoginController__set_new_password","invariant hatsHaveGrantedByUsers","z3",121,50,191,214,0.02,2160.64,15,"correct"
"LoginController__set_new_password","invariant hatsRequestsHaveUsers","z3",121,50,191,214,0.02,2160.64,9,"correct"
"LoginController__set_new_password","invariant hiddenStoriesHaveUsers","z3",121,50,191,214,0.03,2160.64,20,"correct"
"LoginController__set_new_password","invariant hiddenStoriesHaveStories","z3",121,50,191,214,0.03,2160.64,20,"correct"
"LoginController__set_new_password","invariant messagesHaveRecipients","z3",121,50,191,214,0.03,2160.64,9,"correct"
"LoginController__set_new_password","invariant storiesHaveUsers","z3",121,50,191,213,0.03,2160.64,9,"correct"
"MessagesController__batch_delete","invariant commentsHaveUsers","z3",121,50,191,213,0.03,2160.64,20,"correct"
"MessagesController__batch_delete","invariant commentsHaveStories","z3",121,50,191,214,0.03,2160.64,20,"correct"
"MessagesController__batch_delete","invariant hatsHaveUsers","z3",121,50,191,213,0.03,2160.64,15,"correct"
"MessagesController__batch_delete","invariant hatsHaveGrantedByUsers","z3",121,50,191,214,0.03,2160.64,15,"correct"
"MessagesController__batch_delete","invariant hatsRequestsHaveUsers","z3",121,50,191,214,0.03,2160.64,9,"correct"
"MessagesController__batch_delete","invariant hiddenStoriesHaveUsers","z3",121,50,191,214,0.03,2160.64,20,"correct"
"MessagesController__batch_delete","invariant hiddenStoriesHaveStories","z3",121,50,191,214,0.02,2160.64,20,"correct"
"MessagesController__batch_delete","invariant messagesHaveRecipients","z3",121,50,191,214,0.03,2160.64,9,"correct"
"MessagesController__batch_delete","invariant storiesHaveUsers","z3",121,50,191,213,0.02,2160.64,9,"correct"
"MessagesController__create","invariant commentsHaveUsers","z3",129,50,202,213,0.03,2293.76,23,"correct"
"MessagesController__create","invariant commentsHaveStories","z3",129,50,202,213,0.03,2293.76,23,"correct"
"MessagesController__create","invariant hatsHaveUsers","z3",129,50,202,213,0.02,2293.76,18,"correct"
"MessagesController__create","invariant hatsHaveGrantedByUsers","z3",129,50,202,213,0.03,2293.76,18,"correct"
"MessagesController__create","invariant hatsRequestsHaveUsers","z3",129,50,202,213,0.03,2304.0,12,"correct"
"MessagesController__create","invariant hiddenStoriesHaveUsers","z3",129,50,202,213,0.02,2293.76,23,"correct"
"MessagesController__create","invariant hiddenStoriesHaveStories","z3",129,50,202,213,0.02,2293.76,23,"correct"
"MessagesController__create","invariant messagesHaveRecipients","z3",129,50,202,213,0.06,5519.36,432,"incorrect"
"MessagesController__create","invariant storiesHaveUsers","z3",129,50,202,213,0.03,2304.0,12,"correct"
"MessagesController__destroy","invariant commentsHaveUsers","z3",123,50,197,211,0.03,2375.68,45,"correct"
"MessagesController__destroy","invariant commentsHaveStories","z3",123,50,197,211,0.01,2375.68,45,"correct"
"MessagesController__destroy","invariant hatsHaveUsers","z3",123,50,197,211,0.03,2385.92,42,"correct"
"MessagesController__destroy","invariant hatsHaveGrantedByUsers","z3",123,50,197,211,0.03,2385.92,42,"correct"
"MessagesController__destroy","invariant hatsRequestsHaveUsers","z3",123,50,197,211,0.03,2273.28,34,"correct"
"MessagesController__destroy","invariant hiddenStoriesHaveUsers","z3",123,50,197,211,0.03,2375.68,45,"correct"
"MessagesController__destroy","invariant hiddenStoriesHaveStories","z3",123,50,197,211,0.02,2375.68,45,"correct"
"MessagesController__destroy","invariant messagesHaveRecipients","z3",123,50,197,211,0.03,2365.44,34,"correct"
"MessagesController__destroy","invariant storiesHaveUsers","z3",123,50,197,211,0.03,2273.28,34,"correct"
"MessagesController__index","invariant commentsHaveUsers","z3",147,50,211,218,0.03,2498.56,92,"correct"
"MessagesController__index","invariant commentsHaveStories","z3",147,50,211,218,0.03,2396.16,22,"correct"
"MessagesController__index","invariant hatsHaveUsers","z3",147,50,211,218,0.03,2488.32,89,"correct"
"MessagesController__index","invariant hatsHaveGrantedByUsers","z3",147,50,211,218,0.03,2488.32,86,"correct"
"MessagesController__index","invariant hatsRequestsHaveUsers","z3",147,50,211,218,0.01,2488.32,75,"correct"
"MessagesController__index","invariant hiddenStoriesHaveUsers","z3",147,50,211,218,0.03,2488.32,92,"correct"
"MessagesController__index","invariant hiddenStoriesHaveStories","z3",147,50,211,218,0.02,2396.16,22,"correct"
"MessagesController__index","invariant messagesHaveRecipients","z3",147,50,211,218,0.11,6860.8,1057,"incorrect"
"MessagesController__index","invariant storiesHaveUsers","z3",147,50,211,218,0.03,2488.32,75,"correct"
"MessagesController__keep_as_new","invariant commentsHaveUsers","z3",123,50,197,211,0.03,2375.68,45,"correct"
"MessagesController__keep_as_new","invariant commentsHaveStories","z3",123,50,197,211,0.03,2375.68,45,"correct"
"MessagesController__keep_as_new","invariant hatsHaveUsers","z3",123,50,197,211,0.03,2385.92,42,"correct"
"MessagesController__keep_as_new","invariant hatsHaveGrantedByUsers","z3",123,50,197,211,0.03,2385.92,42,"correct"
"MessagesController__keep_as_new","invariant hatsRequestsHaveUsers","z3",123,50,197,211,0.03,2273.28,34,"correct"
"MessagesController__keep_as_new","invariant hiddenStoriesHaveUsers","z3",123,50,197,211,0.03,2375.68,45,"correct"
"MessagesController__keep_as_new","invariant hiddenStoriesHaveStories","z3",123,50,197,211,0.03,2375.68,45,"correct"
"MessagesController__keep_as_new","invariant messagesHaveRecipients","z3",123,50,197,211,0.03,2365.44,34,"correct"
"MessagesController__keep_as_new","invariant storiesHaveUsers","z3",123,50,197,211,0.03,2273.28,34,"correct"
"MessagesController__sent","invariant commentsHaveUsers","z3",125,50,197,213,0.03,2304.0,23,"correct"
"MessagesController__sent","invariant commentsHaveStories","z3",125,50,197,213,0.01,2304.0,23,"correct"
"MessagesController__sent","invariant hatsHaveUsers","z3",125,50,197,213,0.02,2304.0,18,"correct"
"MessagesController__sent","invariant hatsHaveGrantedByUsers","z3",125,50,197,213,0.04,2304.0,18,"correct"
"MessagesController__sent","invariant hatsRequestsHaveUsers","z3",125,50,197,213,0.02,2201.6,12,"correct"
"MessagesController__sent","invariant hiddenStoriesHaveUsers","z3",125,50,197,213,0.03,2304.0,23,"correct"
"MessagesController__sent","invariant hiddenStoriesHaveStories","z3",125,50,197,213,0.03,2304.0,23,"correct"
"MessagesController__sent","invariant messagesHaveRecipients","z3",125,50,197,213,0.06,5130.24,359,"incorrect"
"MessagesController__sent","invariant storiesHaveUsers","z3",125,50,197,213,0.02,2201.6,12,"correct"
"MessagesController__show","invariant commentsHaveUsers","z3",289,50,216,311,0.05,3983.36,468,"correct"
"MessagesController__show","invariant commentsHaveStories","z3",289,50,216,311,0.03,3973.12,379,"correct"
"MessagesController__show","invariant hatsHaveUsers","z3",289,50,216,311,0.05,3983.36,452,"correct"
"MessagesController__show","invariant hatsHaveGrantedByUsers","z3",289,50,216,311,0.05,3983.36,451,"correct"
"MessagesController__show","invariant hatsRequestsHaveUsers","z3",289,50,216,311,0.05,3870.72,416,"correct"
"MessagesController__show","invariant hiddenStoriesHaveUsers","z3",289,50,216,311,0.05,3983.36,468,"correct"
"MessagesController__show","invariant hiddenStoriesHaveStories","z3",289,50,216,311,0.05,3973.12,379,"correct"
"MessagesController__show","invariant messagesHaveRecipients","z3",289,50,216,311,0.02,4259.84,605,"correct"
"MessagesController__show","invariant storiesHaveUsers","z3",289,50,216,311,0.02,3870.72,416,"correct"
"ModerationsController__index","invariant commentsHaveUsers","z3",273,50,197,317,0.05,3420.16,280,"correct"
"ModerationsController__index","invariant commentsHaveStories","z3",273,50,197,317,0.03,3430.4,276,"correct"
"ModerationsController__index","invariant hatsHaveUsers","z3",273,50,197,317,0.04,3420.16,266,"correct"
"ModerationsController__index","invariant hatsHaveGrantedByUsers","z3",273,50,197,317,0.03,3420.16,266,"correct"
"ModerationsController__index","invariant hatsRequestsHaveUsers","z3",273,50,197,317,0.04,3317.76,242,"correct"
"ModerationsController__index","invariant hiddenStoriesHaveUsers","z3",273,50,197,317,0.04,3420.16,280,"correct"
"ModerationsController__index","invariant hiddenStoriesHaveStories","z3",273,50,197,318,0.04,3430.4,276,"correct"
"ModerationsController__index","invariant messagesHaveRecipients","z3",273,50,197,317,0.04,3317.76,242,"correct"
"ModerationsController__index","invariant storiesHaveUsers","z3",273,50,197,317,0.04,3317.76,242,"correct"
"SettingsController__delete_account","invariant commentsHaveUsers","z3",284,50,196,330,60.0,3563.52,295,"timeout",,,
"SettingsController__delete_account","invariant commentsHaveStories","z3",284,50,196,330,0.05,3461.12,276,"correct",,,
"SettingsController__delete_account","invariant hatsHaveUsers","z3",284,50,196,330,60.0,3563.52,277,"timeout",,,
"SettingsController__delete_account","invariant hatsHaveGrantedByUsers","spass",572,50,547,321,37.21,66582,82577,"incorrect",0.28,11.940000000000001,82577
"SettingsController__delete_account","invariant hatsRequestsHaveUsers","spass",572,50,547,321,35.05,65831,75256,"incorrect",0.32,10.94,75256
"SettingsController__delete_account","invariant hiddenStoriesHaveUsers","spass",572,50,547,322,57.48,70144,103533,"incorrect",0.32,17.21,103533
"SettingsController__delete_account","invariant hiddenStoriesHaveStories","z3",284,50,196,330,0.04,3461.12,277,"correct",,,
"SettingsController__delete_account","invariant messagesHaveRecipients","z3",284,50,196,330,60.0,3563.52,249,"timeout",,,
"SettingsController__delete_account","invariant storiesHaveUsers","z3",284,50,196,330,60.0,3563.52,249,"timeout",,,
"SettingsController__index","invariant commentsHaveUsers","z3",122,50,192,213,0.01,2160.64,22,"correct"
"SettingsController__index","invariant commentsHaveStories","z3",122,50,192,213,0.02,2160.64,22,"correct"
"SettingsController__index","invariant hatsHaveUsers","z3",122,50,192,213,0.02,2160.64,17,"correct"
"SettingsController__index","invariant hatsHaveGrantedByUsers","z3",122,50,192,213,0.03,2160.64,17,"correct"
"SettingsController__index","invariant hatsRequestsHaveUsers","z3",122,50,192,213,0.03,2160.64,11,"correct"
"SettingsController__index","invariant hiddenStoriesHaveUsers","z3",122,50,192,213,0.03,2160.64,22,"correct"
"SettingsController__index","invariant hiddenStoriesHaveStories","z3",122,50,192,213,0.03,2160.64,22,"correct"
"SettingsController__index","invariant messagesHaveRecipients","z3",122,50,192,213,0.03,2160.64,11,"correct"
"SettingsController__index","invariant storiesHaveUsers","z3",122,50,192,213,0.02,2160.64,11,"correct"
"SettingsController__pushover","invariant commentsHaveUsers","z3",121,50,191,213,0.01,2160.64,20,"correct"
"SettingsController__pushover","invariant commentsHaveStories","z3",121,50,191,214,0.02,2160.64,20,"correct"
"SettingsController__pushover","invariant hatsHaveUsers","z3",121,50,191,213,0.03,2160.64,15,"correct"
"SettingsController__pushover","invariant hatsHaveGrantedByUsers","z3",121,50,191,214,0.03,2160.64,15,"correct"
"SettingsController__pushover","invariant hatsRequestsHaveUsers","z3",121,50,191,214,0.03,2160.64,9,"correct"
"SettingsController__pushover","invariant hiddenStoriesHaveUsers","z3",121,50,191,214,0.02,2160.64,20,"correct"
"SettingsController__pushover","invariant hiddenStoriesHaveStories","z3",121,50,191,214,0.03,2160.64,20,"correct"
"SettingsController__pushover","invariant messagesHaveRecipients","z3",121,50,191,214,0.02,2160.64,9,"correct"
"SettingsController__pushover","invariant storiesHaveUsers","z3",121,50,191,213,0.03,2160.64,9,"correct"
"SettingsController__pushover_callback","invariant commentsHaveUsers","z3",121,50,191,213,0.02,2160.64,20,"correct"
"SettingsController__pushover_callback","invariant commentsHaveStories","z3",121,50,191,214,0.02,2160.64,20,"correct"
"SettingsController__pushover_callback","invariant hatsHaveUsers","z3",121,50,191,213,0.02,2160.64,15,"correct"
"SettingsController__pushover_callback","invariant hatsHaveGrantedByUsers","z3",121,50,191,214,0.04,2160.64,15,"correct"
"SettingsController__pushover_callback","invariant hatsRequestsHaveUsers","z3",121,50,191,214,0.02,2160.64,9,"correct"
"SettingsController__pushover_callback","invariant hiddenStoriesHaveUsers","z3",121,50,191,214,0.03,2160.64,20,"correct"
"SettingsController__pushover_callback","invariant hiddenStoriesHaveStories","z3",121,50,191,214,0.02,2160.64,20,"correct"
"SettingsController__pushover_callback","invariant messagesHaveRecipients","z3",121,50,191,214,0.03,2160.64,9,"correct"
"SettingsController__pushover_callback","invariant storiesHaveUsers","z3",121,50,191,213,0.03,2160.64,9,"correct"
"SettingsController__pushover_callback","invariant commentsHaveUsers","z3",121,50,191,213,0.03,2160.64,20,"correct"
"SettingsController__pushover_callback","invariant commentsHaveStories","z3",121,50,191,214,0.01,2160.64,20,"correct"
"SettingsController__pushover_callback","invariant hatsHaveUsers","z3",121,50,191,213,0.03,2160.64,15,"correct"
"SettingsController__pushover_callback","invariant hatsHaveGrantedByUsers","z3",121,50,191,214,0.02,2160.64,15,"correct"
"SettingsController__pushover_callback","invariant hatsRequestsHaveUsers","z3",121,50,191,214,0.02,2160.64,9,"correct"
"SettingsController__pushover_callback","invariant hiddenStoriesHaveUsers","z3",121,50,191,214,0.03,2160.64,20,"correct"
"SettingsController__pushover_callback","invariant hiddenStoriesHaveStories","z3",121,50,191,214,0.02,2160.64,20,"correct"
"SettingsController__pushover_callback","invariant messagesHaveRecipients","z3",121,50,191,214,0.01,2160.64,9,"correct"
"SettingsController__pushover_callback","invariant storiesHaveUsers","z3",121,50,191,213,0.02,2160.64,9,"correct"
"SettingsController__update","invariant commentsHaveUsers","z3",274,50,196,319,0.05,3461.12,287,"correct"
"SettingsController__update","invariant commentsHaveStories","z3",274,50,196,319,0.04,3461.12,283,"correct"
"SettingsController__update","invariant hatsHaveUsers","z3",274,50,196,319,0.03,3471.36,273,"correct"
"SettingsController__update","invariant hatsHaveGrantedByUsers","z3",274,50,196,319,0.05,3471.36,273,"correct"
"SettingsController__update","invariant hatsRequestsHaveUsers","z3",274,50,196,320,0.04,3358.72,249,"correct"
"SettingsController__update","invariant hiddenStoriesHaveUsers","z3",274,50,196,320,0.04,3461.12,287,"correct"
"SettingsController__update","invariant hiddenStoriesHaveStories","z3",274,50,196,320,0.04,3461.12,283,"correct"
"SettingsController__update","invariant messagesHaveRecipients","z3",274,50,196,319,0.04,3358.72,249,"correct"
"SettingsController__update","invariant storiesHaveUsers","z3",274,50,196,319,0.04,3358.72,249,"correct"
"SignupController__index","invariant commentsHaveUsers","z3",271,50,193,322,0.04,3430.4,140,"correct"
"SignupController__index","invariant commentsHaveStories","z3",271,50,193,322,0.04,3430.4,138,"correct"
"SignupController__index","invariant hatsHaveUsers","z3",271,50,193,322,0.03,3338.24,133,"correct"
"SignupController__index","invariant hatsHaveGrantedByUsers","z3",271,50,193,322,0.04,3338.24,133,"correct"
"SignupController__index","invariant hatsRequestsHaveUsers","z3",271,50,193,323,0.04,3328.0,121,"correct"
"SignupController__index","invariant hiddenStoriesHaveUsers","z3",271,50,193,323,0.03,3430.4,140,"correct"
"SignupController__index","invariant hiddenStoriesHaveStories","z3",271,50,193,323,0.04,3430.4,138,"correct"
"SignupController__index","invariant messagesHaveRecipients","z3",271,50,193,322,0.04,3328.0,121,"correct"
"SignupController__index","invariant storiesHaveUsers","z3",271,50,193,322,0.04,3328.0,121,"correct"
"SignupController__invite","invariant commentsHaveUsers","z3",121,50,191,213,0.03,2160.64,20,"correct"
"SignupController__invite","invariant commentsHaveStories","z3",121,50,191,214,0.02,2160.64,20,"correct"
"SignupController__invite","invariant hatsHaveUsers","z3",121,50,191,213,0.03,2160.64,15,"correct"
"SignupController__invite","invariant hatsHaveGrantedByUsers","z3",121,50,191,214,0.03,2160.64,15,"correct"
"SignupController__invite","invariant hatsRequestsHaveUsers","z3",121,50,191,214,0.02,2160.64,9,"correct"
"SignupController__invite","invariant hiddenStoriesHaveUsers","z3",121,50,191,214,0.02,2160.64,20,"correct"
"SignupController__invite","invariant hiddenStoriesHaveStories","z3",121,50,191,214,0.01,2160.64,20,"correct"
"SignupController__invite","invariant messagesHaveRecipients","z3",121,50,191,214,0.03,2160.64,9,"correct"
"SignupController__invite","invariant storiesHaveUsers","z3",121,50,191,213,0.02,2160.64,9,"correct"
"SignupController__invited","invariant commentsHaveUsers","z3",317,50,206,347,0.05,3665.92,147,"correct"
"SignupController__invited","invariant commentsHaveStories","z3",317,50,206,347,0.05,3665.92,145,"correct"
"SignupController__invited","invariant hatsHaveUsers","z3",317,50,206,347,0.04,3665.92,140,"correct"
"SignupController__invited","invariant hatsHaveGrantedByUsers","z3",317,50,206,347,0.02,3665.92,140,"correct"
"SignupController__invited","invariant hatsRequestsHaveUsers","z3",317,50,206,347,0.04,3665.92,128,"correct"
"SignupController__invited","invariant hiddenStoriesHaveUsers","z3",317,50,206,347,0.05,3665.92,147,"correct"
"SignupController__invited","invariant hiddenStoriesHaveStories","z3",317,50,206,348,0.04,3665.92,145,"correct"
"SignupController__invited","invariant messagesHaveRecipients","z3",317,50,206,347,0.05,3665.92,128,"correct"
"SignupController__invited","invariant storiesHaveUsers","z3",317,50,206,347,0.05,3665.92,128,"correct"
"SignupController__invited","invariant commentsHaveUsers","z3",317,50,206,347,0.05,3665.92,147,"correct"
"SignupController__invited","invariant commentsHaveStories","z3",317,50,206,347,0.05,3665.92,145,"correct"
"SignupController__invited","invariant hatsHaveUsers","z3",317,50,206,347,0.05,3665.92,140,"correct"
"SignupController__invited","invariant hatsHaveGrantedByUsers","z3",317,50,206,347,0.05,3665.92,140,"correct"
"SignupController__invited","invariant hatsRequestsHaveUsers","z3",317,50,206,347,0.05,3665.92,128,"correct"
"SignupController__invited","invariant hiddenStoriesHaveUsers","z3",317,50,206,347,0.04,3665.92,147,"correct"
"SignupController__invited","invariant hiddenStoriesHaveStories","z3",317,50,206,348,0.05,3665.92,145,"correct"
"SignupController__invited","invariant messagesHaveRecipients","z3",317,50,206,347,0.05,3665.92,128,"correct"
"SignupController__invited","invariant storiesHaveUsers","z3",317,50,206,347,0.05,3665.92,128,"correct"
"SignupController__signup","invariant commentsHaveUsers","z3",292,50,212,323,0.04,3655.68,309,"correct"
"SignupController__signup","invariant commentsHaveStories","z3",292,50,212,323,0.04,3665.92,299,"correct"
"SignupController__signup","invariant hatsHaveUsers","z3",292,50,212,323,0.05,3655.68,293,"correct"
"SignupController__signup","invariant hatsHaveGrantedByUsers","z3",292,50,212,323,0.05,3655.68,294,"correct"
"SignupController__signup","invariant hatsRequestsHaveUsers","z3",292,50,212,323,0.05,3553.28,268,"correct"
"SignupController__signup","invariant hiddenStoriesHaveUsers","z3",292,50,212,323,0.05,3655.68,309,"correct"
"SignupController__signup","invariant hiddenStoriesHaveStories","z3",292,50,212,323,0.05,3655.68,298,"correct"
"SignupController__signup","invariant messagesHaveRecipients","z3",292,50,212,323,0.05,3553.28,268,"correct"
"SignupController__signup","invariant storiesHaveUsers","z3",292,50,212,323,0.05,3553.28,268,"correct"
"StoriesController__create","invariant commentsHaveUsers","z3",127,50,200,218,0.03,2304.0,24,"correct"
"StoriesController__create","invariant commentsHaveStories","z3",127,50,200,218,0.03,2304.0,25,"correct"
"StoriesController__create","invariant hatsHaveUsers","z3",127,50,200,218,0.03,2304.0,18,"correct"
"StoriesController__create","invariant hatsHaveGrantedByUsers","z3",127,50,200,218,0.03,2304.0,18,"correct"
"StoriesController__create","invariant hatsRequestsHaveUsers","z3",127,50,200,218,0.02,2304.0,12,"correct"
"StoriesController__create","invariant hiddenStoriesHaveUsers","z3",127,50,200,218,0.03,2304.0,24,"correct"
"StoriesController__create","invariant hiddenStoriesHaveStories","z3",127,50,200,218,0.01,2304.0,25,"correct"
"StoriesController__create","invariant messagesHaveRecipients","z3",127,50,200,218,0.02,2304.0,12,"correct"
"StoriesController__create","invariant storiesHaveUsers","z3",127,50,200,218,0.03,2304.0,32,"correct"
"StoriesController__destroy","invariant commentsHaveUsers","z3",123,50,196,211,0.02,2283.52,29,"correct"
"StoriesController__destroy","invariant commentsHaveStories","z3",123,50,196,211,0.03,2283.52,29,"correct"
"StoriesController__destroy","invariant hatsHaveUsers","z3",123,50,196,211,0.02,2283.52,24,"correct"
"StoriesController__destroy","invariant hatsHaveGrantedByUsers","z3",123,50,196,211,0.03,2283.52,24,"correct"
"StoriesController__destroy","invariant hatsRequestsHaveUsers","z3",123,50,196,211,0.02,2283.52,18,"correct"
"StoriesController__destroy","invariant hiddenStoriesHaveUsers","z3",123,50,196,211,0.02,2283.52,29,"correct"
"StoriesController__destroy","invariant hiddenStoriesHaveStories","z3",123,50,196,211,0.03,2283.52,29,"correct"
"StoriesController__destroy","invariant messagesHaveRecipients","z3",123,50,196,211,0.03,2273.28,18,"correct"
"StoriesController__destroy","invariant storiesHaveUsers","z3",123,50,196,211,0.02,2283.52,18,"correct"
"StoriesController__downvote","invariant commentsHaveUsers","z3",124,50,196,211,0.02,2273.28,20,"correct"
"StoriesController__downvote","invariant commentsHaveStories","z3",124,50,196,211,0.01,2273.28,20,"correct"
"StoriesController__downvote","invariant hatsHaveUsers","z3",124,50,196,211,0.03,2273.28,15,"correct"
"StoriesController__downvote","invariant hatsHaveGrantedByUsers","z3",124,50,196,211,0.03,2273.28,15,"correct"
"StoriesController__downvote","invariant hatsRequestsHaveUsers","z3",124,50,196,211,0.02,2170.88,9,"correct"
"StoriesController__downvote","invariant hiddenStoriesHaveUsers","z3",124,50,196,211,0.03,2273.28,20,"correct"
"StoriesController__downvote","invariant hiddenStoriesHaveStories","z3",124,50,196,211,0.02,2273.28,20,"correct"
"StoriesController__downvote","invariant messagesHaveRecipients","z3",124,50,196,211,0.03,2170.88,9,"correct"
"StoriesController__downvote","invariant storiesHaveUsers","z3",124,50,196,211,0.03,2181.12,9,"correct"
"StoriesController__edit","invariant commentsHaveUsers","z3",273,50,198,317,0.05,3522.56,305,"correct"
"StoriesController__edit","invariant commentsHaveStories","z3",273,50,198,317,0.04,3522.56,301,"correct"
"StoriesController__edit","invariant hatsHaveUsers","z3",273,50,198,317,0.05,3420.16,291,"correct"
"StoriesController__edit","invariant hatsHaveGrantedByUsers","z3",273,50,198,317,0.04,3420.16,291,"correct"
"StoriesController__edit","invariant hatsRequestsHaveUsers","z3",273,50,198,317,0.04,3420.16,267,"correct"
"StoriesController__edit","invariant hiddenStoriesHaveUsers","z3",273,50,198,317,0.05,3522.56,305,"correct"
"StoriesController__edit","invariant hiddenStoriesHaveStories","z3",273,50,198,317,0.05,3522.56,301,"correct"
"StoriesController__edit","invariant messagesHaveRecipients","z3",273,50,198,317,0.04,3420.16,267,"correct"
"StoriesController__edit","invariant storiesHaveUsers","z3",273,50,198,317,0.04,3420.16,269,"correct"
"StoriesController__fetch_url_attributes","invariant commentsHaveUsers","z3",122,50,194,219,0.03,2304.0,22,"correct"
"StoriesController__fetch_url_attributes","invariant commentsHaveStories","z3",122,50,194,219,0.03,2304.0,23,"correct"
"StoriesController__fetch_url_attributes","invariant hatsHaveUsers","z3",122,50,194,219,0.03,2304.0,16,"correct"
"StoriesController__fetch_url_attributes","invariant hatsHaveGrantedByUsers","z3",122,50,194,219,0.03,2304.0,16,"correct"
"StoriesController__fetch_url_attributes","invariant hatsRequestsHaveUsers","z3",122,50,194,219,0.03,2201.6,10,"correct"
"StoriesController__fetch_url_attributes","invariant hiddenStoriesHaveUsers","z3",122,50,194,219,0.03,2304.0,22,"correct"
"StoriesController__fetch_url_attributes","invariant hiddenStoriesHaveStories","z3",122,50,194,219,0.02,2304.0,23,"correct"
"StoriesController__fetch_url_attributes","invariant messagesHaveRecipients","z3",122,50,194,219,0.01,2201.6,10,"correct"
"StoriesController__fetch_url_attributes","invariant storiesHaveUsers","z3",122,50,194,219,0.05,4976.64,330,"incorrect"
"StoriesController__hide","invariant commentsHaveUsers","z3",124,50,196,211,0.01,2273.28,20,"correct"
"StoriesController__hide","invariant commentsHaveStories","z3",124,50,196,211,0.01,2273.28,20,"correct"
"StoriesController__hide","invariant hatsHaveUsers","z3",124,50,196,211,0.03,2273.28,15,"correct"
"StoriesController__hide","invariant hatsHaveGrantedByUsers","z3",124,50,196,211,0.01,2273.28,15,"correct"
"StoriesController__hide","invariant hatsRequestsHaveUsers","z3",124,50,196,211,0.02,2170.88,9,"correct"
"StoriesController__hide","invariant hiddenStoriesHaveUsers","z3",124,50,196,211,0.03,2273.28,20,"correct"
"StoriesController__hide","invariant hiddenStoriesHaveStories","z3",124,50,196,211,0.03,2273.28,20,"correct"
"StoriesController__hide","invariant messagesHaveRecipients","z3",124,50,196,211,0.02,2170.88,9,"correct"
"StoriesController__hide","invariant storiesHaveUsers","z3",124,50,196,211,0.01,2181.12,9,"correct"
"StoriesController__new","invariant commentsHaveUsers","z3",132,50,204,216,0.01,2334.72,23,"correct"
"StoriesController__new","invariant commentsHaveStories","z3",132,50,204,216,0.01,2437.12,66,"correct"
"StoriesController__new","invariant hatsHaveUsers","z3",132,50,204,216,0.03,2334.72,17,"correct"
"StoriesController__new","invariant hatsHaveGrantedByUsers","z3",132,50,204,216,0.03,2334.72,17,"correct"
"StoriesController__new","invariant hatsRequestsHaveUsers","z3",132,50,204,216,0.03,2334.72,11,"correct"
"StoriesController__new","invariant hiddenStoriesHaveUsers","z3",132,50,204,216,0.01,2334.72,23,"correct"
"StoriesController__new","invariant hiddenStoriesHaveStories","z3",132,50,204,216,0.03,2437.12,66,"correct"
"StoriesController__new","invariant messagesHaveRecipients","z3",132,50,204,216,0.01,2334.72,11,"correct"
"StoriesController__new","invariant storiesHaveUsers","z3",132,50,204,216,0.17,8581.12,1330,"incorrect"
"StoriesController__preview","invariant commentsHaveUsers","z3",128,50,203,218,0.03,2324.48,25,"correct"
"StoriesController__preview","invariant commentsHaveStories","z3",128,50,203,218,0.01,2324.48,26,"correct"
"StoriesController__preview","invariant hatsHaveUsers","z3",128,50,203,218,0.02,2324.48,19,"correct"
"StoriesController__preview","invariant hatsHaveGrantedByUsers","z3",128,50,203,218,0.03,2324.48,19,"correct"
"StoriesController__preview","invariant hatsRequestsHaveUsers","z3",128,50,203,218,0.03,2324.48,13,"correct"
"StoriesController__preview","invariant hiddenStoriesHaveUsers","z3",128,50,203,218,0.03,2324.48,25,"correct"
"StoriesController__preview","invariant hiddenStoriesHaveStories","z3",128,50,203,218,0.02,2334.72,26,"correct"
"StoriesController__preview","invariant messagesHaveRecipients","z3",128,50,203,218,0.02,2324.48,13,"correct"
"StoriesController__preview","invariant storiesHaveUsers","z3",128,50,203,218,0.02,2334.72,33,"correct"
"StoriesController__show","invariant commentsHaveUsers","z3",276,50,200,316,0.04,3563.52,308,"correct"
"StoriesController__show","invariant commentsHaveStories","z3",276,50,200,316,0.05,3563.52,304,"correct"
"StoriesController__show","invariant hatsHaveUsers","z3",276,50,200,316,0.03,3471.36,293,"correct"
"StoriesController__show","invariant hatsHaveGrantedByUsers","z3",276,50,200,316,0.05,3471.36,293,"correct"
"StoriesController__show","invariant hatsRequestsHaveUsers","z3",276,50,200,316,0.05,3471.36,269,"correct"
"StoriesController__show","invariant hiddenStoriesHaveUsers","z3",276,50,200,316,0.04,3471.36,307,"correct"
"StoriesController__show","invariant hiddenStoriesHaveStories","z3",276,50,200,316,0.05,3471.36,303,"correct"
"StoriesController__show","invariant messagesHaveRecipients","z3",276,50,200,316,0.05,3471.36,269,"correct"
"StoriesController__show","invariant storiesHaveUsers","z3",276,50,200,316,0.04,3461.12,272,"correct"
"StoriesController__submit_suggestions","invariant commentsHaveUsers","z3",329,50,214,349,0.05,3870.72,307,"correct"
"StoriesController__submit_suggestions","invariant commentsHaveStories","z3",329,50,214,349,0.05,3870.72,303,"correct"
"StoriesController__submit_suggestions","invariant hatsHaveUsers","z3",329,50,214,348,0.05,3870.72,293,"correct"
"StoriesController__submit_suggestions","invariant hatsHaveGrantedByUsers","z3",329,50,214,349,0.05,3870.72,293,"correct"
"StoriesController__submit_suggestions","invariant hatsRequestsHaveUsers","z3",329,50,214,349,0.05,3870.72,269,"correct"
"StoriesController__submit_suggestions","invariant hiddenStoriesHaveUsers","z3",329,50,214,349,0.05,3870.72,307,"correct"
"StoriesController__submit_suggestions","invariant hiddenStoriesHaveStories","z3",329,50,214,349,0.04,3870.72,303,"correct"
"StoriesController__submit_suggestions","invariant messagesHaveRecipients","z3",329,50,214,349,0.04,3870.72,269,"correct"
"StoriesController__submit_suggestions","invariant storiesHaveUsers","z3",329,50,214,349,0.05,3901.44,271,"correct"
"StoriesController__suggest","invariant commentsHaveUsers","z3",124,50,197,210,0.03,2273.28,31,"correct"
"StoriesController__suggest","invariant commentsHaveStories","z3",124,50,197,210,0.03,2273.28,31,"correct"
"StoriesController__suggest","invariant hatsHaveUsers","z3",124,50,197,210,0.03,2273.28,26,"correct"
"StoriesController__suggest","invariant hatsHaveGrantedByUsers","z3",124,50,197,210,0.02,2273.28,26,"correct"
"StoriesController__suggest","invariant hatsRequestsHaveUsers","z3",124,50,197,210,0.01,2283.52,20,"correct"
"StoriesController__suggest","invariant hiddenStoriesHaveUsers","z3",124,50,197,211,0.02,2273.28,31,"correct"
"StoriesController__suggest","invariant hiddenStoriesHaveStories","z3",124,50,197,211,0.03,2273.28,31,"correct"
"StoriesController__suggest","invariant messagesHaveRecipients","z3",124,50,197,210,0.03,2283.52,20,"correct"
"StoriesController__suggest","invariant storiesHaveUsers","z3",124,50,197,210,0.03,2273.28,20,"correct"
"StoriesController__undelete","invariant commentsHaveUsers","z3",123,50,196,211,0.03,2283.52,29,"correct"
"StoriesController__undelete","invariant commentsHaveStories","z3",123,50,196,211,0.03,2283.52,29,"correct"
"StoriesController__undelete","invariant hatsHaveUsers","z3",123,50,196,211,0.02,2283.52,24,"correct"
"StoriesController__undelete","invariant hatsHaveGrantedByUsers","z3",123,50,196,211,0.03,2283.52,24,"correct"
"StoriesController__undelete","invariant hatsRequestsHaveUsers","z3",123,50,196,211,0.03,2283.52,18,"correct"
"StoriesController__undelete","invariant hiddenStoriesHaveUsers","z3",123,50,196,211,0.03,2283.52,29,"correct"
"StoriesController__undelete","invariant hiddenStoriesHaveStories","z3",123,50,196,211,0.03,2283.52,29,"correct"
"StoriesController__undelete","invariant messagesHaveRecipients","z3",123,50,196,211,0.03,2273.28,18,"correct"
"StoriesController__undelete","invariant storiesHaveUsers","z3",123,50,196,211,0.02,2283.52,18,"correct"
"StoriesController__unhide","invariant commentsHaveUsers","z3",279,50,202,315,0.05,3573.76,302,"correct"
"StoriesController__unhide","invariant commentsHaveStories","z3",279,50,202,315,0.05,3481.6,298,"correct"
"StoriesController__unhide","invariant hatsHaveUsers","z3",279,50,202,315,0.05,3471.36,288,"correct"
"StoriesController__unhide","invariant hatsHaveGrantedByUsers","z3",279,50,202,315,0.06,3471.36,288,"correct"
"StoriesController__unhide","invariant hatsRequestsHaveUsers","z3",279,50,202,315,0.05,3471.36,264,"correct"
"StoriesController__unhide","invariant hiddenStoriesHaveUsers","z3",279,50,202,315,0.05,3573.76,311,"correct"
"StoriesController__unhide","invariant hiddenStoriesHaveStories","z3",279,50,202,315,0.03,3573.76,307,"correct"
"StoriesController__unhide","invariant messagesHaveRecipients","z3",279,50,202,315,0.05,3471.36,264,"correct"
"StoriesController__unhide","invariant storiesHaveUsers","z3",279,50,202,315,0.02,3471.36,266,"correct"
"StoriesController__unvote","invariant commentsHaveUsers","z3",124,50,196,211,0.03,2273.28,20,"correct"
"StoriesController__unvote","invariant commentsHaveStories","z3",124,50,196,211,0.02,2273.28,20,"correct"
"StoriesController__unvote","invariant hatsHaveUsers","z3",124,50,196,211,0.03,2273.28,15,"correct"
"StoriesController__unvote","invariant hatsHaveGrantedByUsers","z3",124,50,196,211,0.03,2273.28,15,"correct"
"StoriesController__unvote","invariant hatsRequestsHaveUsers","z3",124,50,196,211,0.03,2170.88,9,"correct"
"StoriesController__unvote","invariant hiddenStoriesHaveUsers","z3",124,50,196,211,0.03,2273.28,20,"correct"
"StoriesController__unvote","invariant hiddenStoriesHaveStories","z3",124,50,196,211,0.02,2273.28,20,"correct"
"StoriesController__unvote","invariant messagesHaveRecipients","z3",124,50,196,211,0.03,2170.88,9,"correct"
"StoriesController__unvote","invariant storiesHaveUsers","z3",124,50,196,211,0.03,2181.12,9,"correct"
"StoriesController__update","invariant commentsHaveUsers","z3",123,50,196,211,0.03,2283.52,29,"correct"
"StoriesController__update","invariant commentsHaveStories","z3",123,50,196,211,0.01,2283.52,29,"correct"
"StoriesController__update","invariant hatsHaveUsers","z3",123,50,196,211,0.02,2283.52,24,"correct"
"StoriesController__update","invariant hatsHaveGrantedByUsers","z3",123,50,196,211,0.03,2283.52,24,"correct"
"StoriesController__update","invariant hatsRequestsHaveUsers","z3",123,50,196,211,0.03,2283.52,18,"correct"
"StoriesController__update","invariant hiddenStoriesHaveUsers","z3",123,50,196,211,0.03,2283.52,29,"correct"
"StoriesController__update","invariant hiddenStoriesHaveStories","z3",123,50,196,211,0.02,2283.52,29,"correct"
"StoriesController__update","invariant messagesHaveRecipients","z3",123,50,196,211,0.02,2273.28,18,"correct"
"StoriesController__update","invariant storiesHaveUsers","z3",123,50,196,211,0.02,2283.52,18,"correct"
"StoriesController__upvote","invariant commentsHaveUsers","z3",124,50,196,211,0.03,2273.28,20,"correct"
"StoriesController__upvote","invariant commentsHaveStories","z3",124,50,196,211,0.03,2273.28,20,"correct"
"StoriesController__upvote","invariant hatsHaveUsers","z3",124,50,196,211,0.03,2273.28,15,"correct"
"StoriesController__upvote","invariant hatsHaveGrantedByUsers","z3",124,50,196,211,0.02,2273.28,15,"correct"
"StoriesController__upvote","invariant hatsRequestsHaveUsers","z3",124,50,196,211,0.02,2170.88,9,"correct"
"StoriesController__upvote","invariant hiddenStoriesHaveUsers","z3",124,50,196,211,0.02,2273.28,20,"correct"
"StoriesController__upvote","invariant hiddenStoriesHaveStories","z3",124,50,196,211,0.03,2273.28,20,"correct"
"StoriesController__upvote","invariant messagesHaveRecipients","z3",124,50,196,211,0.03,2170.88,9,"correct"
"StoriesController__upvote","invariant storiesHaveUsers","z3",124,50,196,211,0.03,2181.12,9,"correct"
"TagsController__index","invariant commentsHaveUsers","z3",121,50,191,213,0.03,2160.64,20,"correct"
"TagsController__index","invariant commentsHaveStories","z3",121,50,191,214,0.03,2160.64,20,"correct"
"TagsController__index","invariant hatsHaveUsers","z3",121,50,191,213,0.03,2160.64,15,"correct"
"TagsController__index","invariant hatsHaveGrantedByUsers","z3",121,50,191,214,0.03,2160.64,15,"correct"
"TagsController__index","invariant hatsRequestsHaveUsers","z3",121,50,191,214,0.03,2160.64,9,"correct"
"TagsController__index","invariant hiddenStoriesHaveUsers","z3",121,50,191,214,0.03,2160.64,20,"correct"
"TagsController__index","invariant hiddenStoriesHaveStories","z3",121,50,191,214,0.02,2160.64,20,"correct"
"TagsController__index","invariant messagesHaveRecipients","z3",121,50,191,214,0.03,2160.64,9,"correct"
"TagsController__index","invariant storiesHaveUsers","z3",121,50,191,213,0.02,2160.64,9,"correct"
"UsersController__ban","invariant commentsHaveUsers","z3",501,50,224,447,0.25,11663.36,5688,"incorrect"
"UsersController__ban","invariant commentsHaveStories","z3",501,50,224,447,0.06,5365.76,460,"correct"
"UsersController__ban","invariant hatsHaveUsers","z3",501,50,224,446,0.26,14448.64,10384,"incorrect"
"UsersController__ban","invariant hatsHaveGrantedByUsers","z3",501,50,224,447,0.31,14182.4,7253,"incorrect"
"UsersController__ban","invariant hatsRequestsHaveUsers","z3",501,50,224,447,0.24,10987.52,5729,"incorrect"
"UsersController__ban","invariant hiddenStoriesHaveUsers","z3",501,50,224,447,0.3,14745.6,7711,"incorrect"
"UsersController__ban","invariant hiddenStoriesHaveStories","z3",501,50,224,447,0.06,5365.76,461,"correct"
"UsersController__ban","invariant messagesHaveRecipients","z3",501,50,224,447,0.37,20715.52,14462,"incorrect"
"UsersController__ban","invariant storiesHaveUsers","z3",501,50,224,446,0.28,14295.04,6168,"incorrect"
"UsersController__disable_invitation","invariant commentsHaveUsers","z3",447,50,233,397,0.06,5294.08,508,"correct"
"UsersController__disable_invitation","invariant commentsHaveStories","z3",447,50,233,397,0.06,5283.84,502,"correct"
"UsersController__disable_invitation","invariant hatsHaveUsers","z3",447,50,233,397,0.06,5273.6,486,"correct"
"UsersController__disable_invitation","invariant hatsHaveGrantedByUsers","z3",447,50,233,397,0.06,5273.6,486,"correct"
"UsersController__disable_invitation","invariant hatsRequestsHaveUsers","z3",447,50,233,397,0.06,5150.72,452,"correct"
"UsersController__disable_invitation","invariant hiddenStoriesHaveUsers","z3",447,50,233,397,0.06,5263.36,508,"correct"
"UsersController__disable_invitation","invariant hiddenStoriesHaveStories","z3",447,50,233,397,0.06,5263.36,502,"correct"
"UsersController__disable_invitation","invariant messagesHaveRecipients","z3",447,50,233,397,0.06,5181.44,470,"correct"
"UsersController__disable_invitation","invariant storiesHaveUsers","z3",447,50,233,397,0.06,5150.72,452,"correct"
"UsersController__enable_invitation","invariant commentsHaveUsers","z3",434,50,215,413,0.06,4362.24,462,"correct"
"UsersController__enable_invitation","invariant commentsHaveStories","z3",434,50,215,413,0.06,4372.48,456,"correct"
"UsersController__enable_invitation","invariant hatsHaveUsers","z3",434,50,215,413,0.05,4362.24,440,"correct"
"UsersController__enable_invitation","invariant hatsHaveGrantedByUsers","z3",434,50,215,413,0.05,4362.24,440,"correct"
"UsersController__enable_invitation","invariant hatsRequestsHaveUsers","z3",434,50,215,413,0.06,4270.08,406,"correct"
"UsersController__enable_invitation","invariant hiddenStoriesHaveUsers","z3",434,50,215,413,0.06,4362.24,462,"correct"
"UsersController__enable_invitation","invariant hiddenStoriesHaveStories","z3",434,50,215,413,0.06,4372.48,456,"correct"
"UsersController__enable_invitation","invariant messagesHaveRecipients","z3",434,50,215,413,0.06,4270.08,406,"correct"
"UsersController__enable_invitation","invariant storiesHaveUsers","z3",434,50,215,413,0.06,4270.08,406,"correct"
"UsersController__show","invariant commentsHaveUsers","z3",123,50,195,211,0.03,2273.28,25,"correct"
"UsersController__show","invariant commentsHaveStories","z3",123,50,195,211,0.02,2273.28,25,"correct"
"UsersController__show","invariant hatsHaveUsers","z3",123,50,195,211,0.03,2273.28,20,"correct"
"UsersController__show","invariant hatsHaveGrantedByUsers","z3",123,50,195,211,0.02,2273.28,20,"correct"
"UsersController__show","invariant hatsRequestsHaveUsers","z3",123,50,195,211,0.03,2170.88,14,"correct"
"UsersController__show","invariant hiddenStoriesHaveUsers","z3",123,50,195,211,0.03,2273.28,25,"correct"
"UsersController__show","invariant hiddenStoriesHaveStories","z3",123,50,195,211,0.02,2273.28,25,"correct"
"UsersController__show","invariant messagesHaveRecipients","z3",123,50,195,211,0.01,2170.88,14,"correct"
"UsersController__show","invariant storiesHaveUsers","z3",123,50,195,211,0.03,2170.88,14,"correct"
"UsersController__tree","invariant commentsHaveUsers","z3",287,50,208,309,0.05,3665.92,451,"correct"
"UsersController__tree","invariant commentsHaveStories","z3",287,50,208,309,0.05,3563.52,290,"correct"
"UsersController__tree","invariant hatsHaveUsers","z3",287,50,208,309,0.05,3665.92,436,"correct"
"UsersController__tree","invariant hatsHaveGrantedByUsers","z3",287,50,208,309,0.05,3665.92,432,"correct"
"UsersController__tree","invariant hatsRequestsHaveUsers","z3",287,50,208,309,0.05,3563.52,398,"correct"
"UsersController__tree","invariant hiddenStoriesHaveUsers","z3",287,50,208,309,0.05,3665.92,451,"correct"
"UsersController__tree","invariant hiddenStoriesHaveStories","z3",287,50,208,309,0.05,3563.52,290,"correct"
"UsersController__tree","invariant messagesHaveRecipients","z3",287,50,208,309,0.05,3563.52,398,"correct"
"UsersController__tree","invariant storiesHaveUsers","z3",287,50,208,309,0.05,3563.52,398,"correct"
"UsersController__unban","invariant commentsHaveUsers","z3",434,50,215,413,0.06,4362.24,462,"correct"
"UsersController__unban","invariant commentsHaveStories","z3",434,50,215,413,0.06,4372.48,456,"correct"
"UsersController__unban","invariant hatsHaveUsers","z3",434,50,215,413,0.02,4362.24,440,"correct"
"UsersController__unban","invariant hatsHaveGrantedByUsers","z3",434,50,215,413,0.06,4362.24,440,"correct"
"UsersController__unban","invariant hatsRequestsHaveUsers","z3",434,50,215,413,0.05,4270.08,406,"correct"
"UsersController__unban","invariant hiddenStoriesHaveUsers","z3",434,50,215,413,0.06,4362.24,462,"correct"
"UsersController__unban","invariant hiddenStoriesHaveStories","z3",434,50,215,413,0.06,4372.48,456,"correct"
"UsersController__unban","invariant messagesHaveRecipients","z3",434,50,215,413,0.06,4270.08,406,"correct"
"UsersController__unban","invariant storiesHaveUsers","z3",434,50,215,413,0.06,4270.08,406,"correct"
