"PostsController__admin","invariant usersAreCreated","z3",22,2,19,135,0.01,1300.48,20,"correct"
"PostsController__create","invariant usersAreCreated","z3",9,2,10,98,0.0,1024.0,0,"correct"
"PostsController__destroy","invariant usersAreCreated","z3",11,2,13,84,0.0,1034.24,0,"correct"
"PostsController__edit","invariant usersAreCreated","z3",9,2,11,82,0.0,1034.24,0,"correct"
"PostsController__index","invariant usersAreCreated","z3",9,2,9,87,0.0,1024.0,0,"correct"
"PostsController__new","invariant usersAreCreated","z3",9,2,10,98,0.0,1024.0,0,"correct"
"PostsController__show","invariant usersAreCreated","z3",13,2,19,96,0.0,1054.72,0,"correct"
"PostsController__update","invariant usersAreCreated","z3",9,2,11,82,0.0,1034.24,0,"correct"
"SessionsController__create","invariant usersAreCreated","z3",7,2,7,83,0.0,1024.0,0,"correct"
"SessionsController__destroy","invariant usersAreCreated","z3",7,2,7,83,0.0,1024.0,0,"correct"
"SessionsController__new","invariant usersAreCreated","z3",7,2,7,83,0.0,1024.0,0,"correct"
"SitemapController__index","invariant usersAreCreated","z3",9,2,9,85,0.0,1024.0,0,"correct"
"UsersController__create","invariant usersAreCreated","z3",9,2,10,99,0.0,1024.0,0,"correct"
