"Account_MembershipsController__index","invariant commentsHaveBugs","z3",259,47,193,331,0.04,3389.44,225,"correct"
"Account_MembershipsController__index","invariant deploysHaveEnvironments","z3",259,47,193,331,0.05,3491.84,251,"correct"
"Account_MembershipsController__index","invariant deviceBugsHaveBugs","z3",259,47,193,331,0.04,3389.44,225,"correct"
"Account_MembershipsController__index","invariant emailsHaveUsers","z3",259,47,193,331,0.03,3389.44,229,"correct"
"Account_MembershipsController__index","invariant environmentsHaveProjects","z3",259,47,193,331,0.04,3389.44,241,"correct"
"Account_MembershipsController__index","invariant eventsHaveBugs","z3",259,47,193,331,0.04,3389.44,225,"correct"
"Account_MembershipsController__index","invariant membershipsHaveUsers","z3",259,47,193,331,0.02,3481.6,268,"correct"
"Account_MembershipsController__index","invariant membershipsHaveProjects","z3",259,47,193,331,0.04,3481.6,264,"correct"
"Account_MembershipsController__index","invariant notificationThresholdsHaveUsers","z3",259,47,193,332,0.04,3389.44,251,"correct"
"Account_MembershipsController__index","invariant notificationThresholdsHaveBugs","z3",259,47,193,331,0.02,3389.44,247,"correct"
"Account_MembershipsController__index","invariant obfuscationMapsHaveDeploys","z3",259,47,193,331,0.04,3481.6,251,"correct"
"Account_MembershipsController__index","invariant occurrencesHaveBugs","z3",259,47,193,331,0.04,3389.44,225,"correct"
"Account_MembershipsController__index","invariant projectsHaveOwners","z3",259,47,193,331,0.04,3389.44,229,"correct"
"Account_MembershipsController__index","invariant sourceMapsHaveEnvironments","z3",259,47,193,331,0.04,3491.84,251,"correct"
"Account_MembershipsController__index","invariant userEventsHaveUsers","z3",259,47,193,331,0.04,3481.6,267,"correct"
"Account_MembershipsController__index","invariant userEventsHaveEvents","z3",259,47,193,331,0.04,3389.44,263,"correct"
"Account_MembershipsController__index","invariant watchesHaveUsers","z3",259,47,193,331,0.04,3389.44,251,"correct"
"Account_MembershipsController__index","invariant watchesHaveBugs","z3",259,47,193,331,0.04,3389.44,247,"correct"
"AccountsController__show","invariant commentsHaveBugs","z3",113,47,186,233,0.03,2242.56,8,"correct"
"AccountsController__show","invariant deploysHaveEnvironments","z3",113,47,186,233,0.01,2242.56,13,"correct"
"AccountsController__show","invariant deviceBugsHaveBugs","z3",113,47,186,233,0.02,2242.56,8,"correct"
"AccountsController__show","invariant emailsHaveUsers","z3",113,47,186,233,0.02,2242.56,8,"correct"
"AccountsController__show","invariant environmentsHaveProjects","z3",113,47,186,233,0.03,2242.56,13,"correct"
"AccountsController__show","invariant eventsHaveBugs","z3",113,47,186,233,0.02,2242.56,8,"correct"
"AccountsController__show","invariant membershipsHaveUsers","z3",113,47,186,233,0.03,2242.56,19,"correct"
"AccountsController__show","invariant membershipsHaveProjects","z3",113,47,186,233,0.03,2242.56,19,"correct"
"AccountsController__show","invariant notificationThresholdsHaveUsers","z3",113,47,186,234,0.02,2242.56,14,"correct"
"AccountsController__show","invariant notificationThresholdsHaveBugs","z3",113,47,186,234,0.03,2242.56,14,"correct"
"AccountsController__show","invariant obfuscationMapsHaveDeploys","z3",113,47,186,233,0.03,2242.56,13,"correct"
"AccountsController__show","invariant occurrencesHaveBugs","z3",113,47,186,233,0.02,2242.56,8,"correct"
"AccountsController__show","invariant projectsHaveOwners","z3",113,47,186,233,0.03,2242.56,8,"correct"
"AccountsController__show","invariant sourceMapsHaveEnvironments","z3",113,47,186,233,0.03,2242.56,13,"correct"
"AccountsController__show","invariant userEventsHaveUsers","z3",113,47,186,233,0.01,2242.56,19,"correct"
"AccountsController__show","invariant userEventsHaveEvents","z3",113,47,186,233,0.01,2242.56,19,"correct"
"AccountsController__show","invariant watchesHaveUsers","z3",113,47,186,233,0.03,2242.56,14,"correct"
"AccountsController__show","invariant watchesHaveBugs","z3",113,47,186,233,0.02,2242.56,14,"correct"
"AccountsController__update","invariant commentsHaveBugs","z3",113,47,186,233,0.02,2242.56,8,"correct"
"AccountsController__update","invariant deploysHaveEnvironments","z3",113,47,186,233,0.03,2242.56,13,"correct"
"AccountsController__update","invariant deviceBugsHaveBugs","z3",113,47,186,233,0.02,2242.56,8,"correct"
"AccountsController__update","invariant emailsHaveUsers","z3",113,47,186,233,0.03,2242.56,8,"correct"
"AccountsController__update","invariant environmentsHaveProjects","z3",113,47,186,233,0.02,2242.56,13,"correct"
"AccountsController__update","invariant eventsHaveBugs","z3",113,47,186,233,0.03,2242.56,8,"correct"
"AccountsController__update","invariant membershipsHaveUsers","z3",113,47,186,233,0.01,2242.56,19,"correct"
"AccountsController__update","invariant membershipsHaveProjects","z3",113,47,186,233,0.03,2242.56,19,"correct"
"AccountsController__update","invariant notificationThresholdsHaveUsers","z3",113,47,186,234,0.03,2242.56,14,"correct"
"AccountsController__update","invariant notificationThresholdsHaveBugs","z3",113,47,186,234,0.03,2242.56,14,"correct"
"AccountsController__update","invariant obfuscationMapsHaveDeploys","z3",113,47,186,233,0.03,2242.56,13,"correct"
"AccountsController__update","invariant occurrencesHaveBugs","z3",113,47,186,233,0.03,2242.56,8,"correct"
"AccountsController__update","invariant projectsHaveOwners","z3",113,47,186,233,0.02,2242.56,8,"correct"
"AccountsController__update","invariant sourceMapsHaveEnvironments","z3",113,47,186,233,0.03,2242.56,13,"correct"
"AccountsController__update","invariant userEventsHaveUsers","z3",113,47,186,233,0.02,2242.56,19,"correct"
"AccountsController__update","invariant userEventsHaveEvents","z3",113,47,186,233,0.02,2242.56,19,"correct"
"AccountsController__update","invariant watchesHaveUsers","z3",113,47,186,233,0.03,2242.56,14,"correct"
"AccountsController__update","invariant watchesHaveBugs","z3",113,47,186,233,0.02,2242.56,14,"correct"
"BugsController__destroy","invariant commentsHaveBugs","z3",156,47,219,241,0.04,3225.6,93,"correct"
"BugsController__destroy","invariant deploysHaveEnvironments","z3",156,47,219,241,0.03,3205.12,57,"correct"
"BugsController__destroy","invariant deviceBugsHaveBugs","z3",156,47,219,241,0.03,3225.6,93,"correct"
"BugsController__destroy","invariant emailsHaveUsers","z3",156,47,219,241,0.02,3102.72,51,"correct"
"BugsController__destroy","invariant environmentsHaveProjects","z3",156,47,219,241,0.04,3215.36,56,"correct"
"BugsController__destroy","invariant eventsHaveBugs","z3",156,47,219,241,0.02,3225.6,93,"correct"
"BugsController__destroy","invariant membershipsHaveUsers","z3",156,47,219,241,0.04,3205.12,62,"correct"
"BugsController__destroy","invariant membershipsHaveProjects","z3",156,47,219,241,0.04,3205.12,62,"correct"
"BugsController__destroy","invariant notificationThresholdsHaveUsers","z3",156,47,219,241,0.04,3235.84,91,"correct"
"BugsController__destroy","invariant notificationThresholdsHaveBugs","z3",156,47,219,241,0.04,3235.84,102,"correct"
"BugsController__destroy","invariant obfuscationMapsHaveDeploys","z3",156,47,219,241,0.03,3205.12,56,"correct"
"BugsController__destroy","invariant occurrencesHaveBugs","z3",156,47,219,241,0.02,3225.6,93,"correct"
"BugsController__destroy","invariant projectsHaveOwners","z3",156,47,219,241,0.04,3205.12,51,"correct"
"BugsController__destroy","invariant sourceMapsHaveEnvironments","z3",156,47,219,241,0.03,3215.36,57,"correct"
"BugsController__destroy","invariant userEventsHaveUsers","z3",156,47,219,241,0.03,3235.84,62,"correct"
"BugsController__destroy","invariant userEventsHaveEvents","z3",156,47,219,241,0.05,5754.88,492,"incorrect"
"BugsController__destroy","invariant watchesHaveUsers","z3",156,47,219,241,0.04,3235.84,91,"correct"
"BugsController__destroy","invariant watchesHaveBugs","z3",156,47,219,241,0.04,3235.84,102,"correct"
"BugsController__index","invariant commentsHaveBugs","z3",117,47,194,228,0.03,2447.36,36,"correct"
"BugsController__index","invariant deploysHaveEnvironments","z3",117,47,194,228,0.01,2437.12,42,"correct"
"BugsController__index","invariant deviceBugsHaveBugs","z3",117,47,194,228,0.03,2447.36,36,"correct"
"BugsController__index","invariant emailsHaveUsers","z3",117,47,194,228,0.03,2447.36,36,"correct"
"BugsController__index","invariant environmentsHaveProjects","z3",117,47,194,228,0.03,2437.12,41,"correct"
"BugsController__index","invariant eventsHaveBugs","z3",117,47,194,228,0.01,2447.36,36,"correct"
"BugsController__index","invariant membershipsHaveUsers","z3",117,47,194,228,0.03,2437.12,47,"correct"
"BugsController__index","invariant membershipsHaveProjects","z3",117,47,194,228,0.01,2437.12,47,"correct"
"BugsController__index","invariant notificationThresholdsHaveUsers","z3",117,47,194,229,0.02,2437.12,42,"correct"
"BugsController__index","invariant notificationThresholdsHaveBugs","z3",117,47,194,229,0.02,2437.12,42,"correct"
"BugsController__index","invariant obfuscationMapsHaveDeploys","z3",117,47,194,228,0.03,2447.36,41,"correct"
"BugsController__index","invariant occurrencesHaveBugs","z3",117,47,194,228,0.01,2447.36,36,"correct"
"BugsController__index","invariant projectsHaveOwners","z3",117,47,194,228,0.02,2437.12,36,"correct"
"BugsController__index","invariant sourceMapsHaveEnvironments","z3",117,47,194,228,0.02,2437.12,42,"correct"
"BugsController__index","invariant userEventsHaveUsers","z3",117,47,194,228,0.03,2437.12,47,"correct"
"BugsController__index","invariant userEventsHaveEvents","z3",117,47,194,228,0.03,2437.12,47,"correct"
"BugsController__index","invariant watchesHaveUsers","z3",117,47,194,228,0.01,2437.12,42,"correct"
"BugsController__index","invariant watchesHaveBugs","z3",117,47,194,228,0.02,2437.12,42,"correct"
"BugsController__notify_deploy","invariant commentsHaveBugs","z3",119,47,198,226,0.02,2437.12,49,"correct"
"BugsController__notify_deploy","invariant deploysHaveEnvironments","z3",119,47,198,226,0.01,2549.76,54,"correct"
"BugsController__notify_deploy","invariant deviceBugsHaveBugs","z3",119,47,198,226,0.02,2437.12,49,"correct"
"BugsController__notify_deploy","invariant emailsHaveUsers","z3",119,47,198,226,0.03,2437.12,48,"correct"
"BugsController__notify_deploy","invariant environmentsHaveProjects","z3",119,47,198,226,0.03,2549.76,53,"correct"
"BugsController__notify_deploy","invariant eventsHaveBugs","z3",119,47,198,226,0.02,2437.12,49,"correct"
"BugsController__notify_deploy","invariant membershipsHaveUsers","z3",119,47,198,226,0.01,2447.36,59,"correct"
"BugsController__notify_deploy","invariant membershipsHaveProjects","z3",119,47,198,226,0.03,2447.36,59,"correct"
"BugsController__notify_deploy","invariant notificationThresholdsHaveUsers","z3",119,47,198,227,0.03,2437.12,54,"correct"
"BugsController__notify_deploy","invariant notificationThresholdsHaveBugs","z3",119,47,198,226,0.03,2437.12,55,"correct"
"BugsController__notify_deploy","invariant obfuscationMapsHaveDeploys","z3",119,47,198,226,0.03,2437.12,53,"correct"
"BugsController__notify_deploy","invariant occurrencesHaveBugs","z3",119,47,198,226,0.01,2437.12,49,"correct"
"BugsController__notify_deploy","invariant projectsHaveOwners","z3",119,47,198,226,0.03,2447.36,48,"correct"
"BugsController__notify_deploy","invariant sourceMapsHaveEnvironments","z3",119,47,198,226,0.02,2549.76,54,"correct"
"BugsController__notify_deploy","invariant userEventsHaveUsers","z3",119,47,198,226,0.03,2437.12,59,"correct"
"BugsController__notify_deploy","invariant userEventsHaveEvents","z3",119,47,198,226,0.03,2437.12,59,"correct"
"BugsController__notify_deploy","invariant watchesHaveUsers","z3",119,47,198,226,0.02,2437.12,54,"correct"
"BugsController__notify_deploy","invariant watchesHaveBugs","z3",119,47,198,226,0.03,2437.12,55,"correct"
"BugsController__notify_occurrence","invariant commentsHaveBugs","z3",119,47,198,226,0.03,2437.12,49,"correct"
"BugsController__notify_occurrence","invariant deploysHaveEnvironments","z3",119,47,198,226,0.03,2549.76,54,"correct"
"BugsController__notify_occurrence","invariant deviceBugsHaveBugs","z3",119,47,198,226,0.03,2437.12,49,"correct"
"BugsController__notify_occurrence","invariant emailsHaveUsers","z3",119,47,198,226,0.02,2437.12,48,"correct"
"BugsController__notify_occurrence","invariant environmentsHaveProjects","z3",119,47,198,226,0.03,2549.76,53,"correct"
"BugsController__notify_occurrence","invariant eventsHaveBugs","z3",119,47,198,226,0.01,2437.12,49,"correct"
"BugsController__notify_occurrence","invariant membershipsHaveUsers","z3",119,47,198,226,0.02,2447.36,59,"correct"
"BugsController__notify_occurrence","invariant membershipsHaveProjects","z3",119,47,198,226,0.01,2447.36,59,"correct"
"BugsController__notify_occurrence","invariant notificationThresholdsHaveUsers","z3",119,47,198,227,0.03,2437.12,54,"correct"
"BugsController__notify_occurrence","invariant notificationThresholdsHaveBugs","z3",119,47,198,226,0.03,2437.12,55,"correct"
"BugsController__notify_occurrence","invariant obfuscationMapsHaveDeploys","z3",119,47,198,226,0.03,2437.12,53,"correct"
"BugsController__notify_occurrence","invariant occurrencesHaveBugs","z3",119,47,198,226,0.03,2437.12,49,"correct"
"BugsController__notify_occurrence","invariant projectsHaveOwners","z3",119,47,198,226,0.02,2447.36,48,"correct"
"BugsController__notify_occurrence","invariant sourceMapsHaveEnvironments","z3",119,47,198,226,0.03,2549.76,54,"correct"
"BugsController__notify_occurrence","invariant userEventsHaveUsers","z3",119,47,198,226,0.03,2437.12,59,"correct"
"BugsController__notify_occurrence","invariant userEventsHaveEvents","z3",119,47,198,226,0.01,2437.12,59,"correct"
"BugsController__notify_occurrence","invariant watchesHaveUsers","z3",119,47,198,226,0.03,2437.12,54,"correct"
"BugsController__notify_occurrence","invariant watchesHaveBugs","z3",119,47,198,226,0.02,2437.12,55,"correct"
"BugsController__show","invariant commentsHaveBugs","z3",119,47,198,226,0.03,2437.12,49,"correct"
"BugsController__show","invariant deploysHaveEnvironments","z3",119,47,198,226,0.02,2549.76,54,"correct"
"BugsController__show","invariant deviceBugsHaveBugs","z3",119,47,198,226,0.03,2437.12,49,"correct"
"BugsController__show","invariant emailsHaveUsers","z3",119,47,198,226,0.02,2437.12,48,"correct"
"BugsController__show","invariant environmentsHaveProjects","z3",119,47,198,226,0.02,2549.76,53,"correct"
"BugsController__show","invariant eventsHaveBugs","z3",119,47,198,226,0.02,2437.12,49,"correct"
"BugsController__show","invariant membershipsHaveUsers","z3",119,47,198,226,0.01,2447.36,59,"correct"
"BugsController__show","invariant membershipsHaveProjects","z3",119,47,198,226,0.03,2447.36,59,"correct"
"BugsController__show","invariant notificationThresholdsHaveUsers","z3",119,47,198,227,0.02,2437.12,54,"correct"
"BugsController__show","invariant notificationThresholdsHaveBugs","z3",119,47,198,226,0.03,2437.12,55,"correct"
"BugsController__show","invariant obfuscationMapsHaveDeploys","z3",119,47,198,226,0.03,2437.12,53,"correct"
"BugsController__show","invariant occurrencesHaveBugs","z3",119,47,198,226,0.02,2437.12,49,"correct"
"BugsController__show","invariant projectsHaveOwners","z3",119,47,198,226,0.03,2447.36,48,"correct"
"BugsController__show","invariant sourceMapsHaveEnvironments","z3",119,47,198,226,0.02,2549.76,54,"correct"
"BugsController__show","invariant userEventsHaveUsers","z3",119,47,198,226,0.03,2437.12,59,"correct"
"BugsController__show","invariant userEventsHaveEvents","z3",119,47,198,226,0.03,2437.12,59,"correct"
"BugsController__show","invariant watchesHaveUsers","z3",119,47,198,226,0.03,2437.12,54,"correct"
"BugsController__show","invariant watchesHaveBugs","z3",119,47,198,226,0.02,2437.12,55,"correct"
"BugsController__update","invariant commentsHaveBugs","z3",492,47,253,411,0.2,8908.8,7797,"correct"
"BugsController__update","invariant deploysHaveEnvironments","z3",492,47,253,411,0.06,6369.28,1330,"correct"
"BugsController__update","invariant deviceBugsHaveBugs","z3",492,47,253,411,0.08,6266.88,1764,"correct"
"BugsController__update","invariant emailsHaveUsers","z3",492,47,253,411,0.08,6297.6,1953,"correct"
"BugsController__update","invariant environmentsHaveProjects","z3",492,47,253,411,0.07,6369.28,1298,"correct"
"BugsController__update","invariant eventsHaveBugs","z3",492,47,253,411,0.08,6266.88,1762,"correct"
"BugsController__update","invariant membershipsHaveUsers","z3",492,47,253,411,0.05,6369.28,1913,"correct"
"BugsController__update","invariant membershipsHaveProjects","z3",492,47,253,411,0.08,6379.52,1358,"correct"
"BugsController__update","invariant notificationThresholdsHaveUsers","z3",492,47,253,411,0.12,6983.68,5056,"correct"
"BugsController__update","invariant notificationThresholdsHaveBugs","z3",492,47,253,411,0.05,6574.08,3117,"correct"
"BugsController__update","invariant obfuscationMapsHaveDeploys","z3",492,47,253,411,0.08,6461.44,1346,"correct"
"BugsController__update","invariant occurrencesHaveBugs","z3",492,47,253,411,0.08,6266.88,1674,"correct"
"BugsController__update","invariant projectsHaveOwners","z3",492,47,253,411,0.04,6266.88,2331,"correct"
"BugsController__update","invariant sourceMapsHaveEnvironments","z3",492,47,253,411,0.07,6369.28,1330,"correct"
"BugsController__update","invariant userEventsHaveUsers","z3",492,47,253,411,0.08,6492.16,1850,"correct"
"BugsController__update","invariant userEventsHaveEvents","z3",492,47,253,411,0.03,6379.52,1330,"correct"
"BugsController__update","invariant watchesHaveUsers","z3",492,47,253,411,0.08,6379.52,1797,"correct"
"BugsController__update","invariant watchesHaveBugs","z3",492,47,253,411,0.08,6379.52,1729,"correct"
"BugsController__watch","invariant commentsHaveBugs","z3",280,47,218,315,0.05,4003.84,409,"correct"
"BugsController__watch","invariant deploysHaveEnvironments","z3",280,47,218,315,0.05,4126.72,435,"correct"
"BugsController__watch","invariant deviceBugsHaveBugs","z3",280,47,218,315,0.05,4003.84,409,"correct"
"BugsController__watch","invariant emailsHaveUsers","z3",280,47,218,314,0.05,4024.32,413,"correct"
"BugsController__watch","invariant environmentsHaveProjects","z3",280,47,218,315,0.05,4024.32,429,"correct"
"BugsController__watch","invariant eventsHaveBugs","z3",280,47,218,314,0.02,4003.84,409,"correct"
"BugsController__watch","invariant membershipsHaveUsers","z3",280,47,218,315,0.05,4116.48,451,"correct"
"BugsController__watch","invariant membershipsHaveProjects","z3",280,47,218,315,0.05,4116.48,451,"correct"
"BugsController__watch","invariant notificationThresholdsHaveUsers","z3",280,47,218,315,0.05,4024.32,435,"correct"
"BugsController__watch","invariant notificationThresholdsHaveBugs","z3",280,47,218,315,0.04,4024.32,431,"correct"
"BugsController__watch","invariant obfuscationMapsHaveDeploys","z3",280,47,218,315,0.03,4044.8,427,"correct"
"BugsController__watch","invariant occurrencesHaveBugs","z3",280,47,218,315,0.05,4003.84,409,"correct"
"BugsController__watch","invariant projectsHaveOwners","z3",280,47,218,315,0.05,4024.32,415,"correct"
"BugsController__watch","invariant sourceMapsHaveEnvironments","z3",280,47,218,315,0.05,4126.72,435,"correct"
"BugsController__watch","invariant userEventsHaveUsers","z3",280,47,218,315,0.05,4116.48,451,"correct"
"BugsController__watch","invariant userEventsHaveEvents","z3",280,47,218,315,0.05,4034.56,439,"correct"
"BugsController__watch","invariant watchesHaveUsers","z3",280,47,218,314,0.06,4413.44,679,"correct"
"BugsController__watch","invariant watchesHaveBugs","z3",280,47,218,314,0.06,4321.28,676,"correct"
"CommentsController__create","invariant commentsHaveBugs","z3",128,47,211,224,0.03,4638.72,180,"correct"
"CommentsController__create","invariant deploysHaveEnvironments","z3",128,47,211,224,0.01,2570.24,57,"correct"
"CommentsController__create","invariant deviceBugsHaveBugs","z3",128,47,211,224,0.02,2570.24,52,"correct"
"CommentsController__create","invariant emailsHaveUsers","z3",128,47,211,224,0.02,2580.48,51,"correct"
"CommentsController__create","invariant environmentsHaveProjects","z3",128,47,211,224,0.03,2580.48,56,"correct"
"CommentsController__create","invariant eventsHaveBugs","z3",128,47,211,224,0.02,2570.24,52,"correct"
"CommentsController__create","invariant membershipsHaveUsers","z3",128,47,211,224,0.01,2570.24,62,"correct"
"CommentsController__create","invariant membershipsHaveProjects","z3",128,47,211,224,0.02,2580.48,62,"correct"
"CommentsController__create","invariant notificationThresholdsHaveUsers","z3",128,47,211,224,0.02,2580.48,57,"correct"
"CommentsController__create","invariant notificationThresholdsHaveBugs","z3",128,47,211,224,0.03,2570.24,58,"correct"
"CommentsController__create","invariant obfuscationMapsHaveDeploys","z3",128,47,211,224,0.02,2570.24,56,"correct"
"CommentsController__create","invariant occurrencesHaveBugs","z3",128,47,211,224,0.03,2570.24,52,"correct"
"CommentsController__create","invariant projectsHaveOwners","z3",128,47,211,224,0.01,2570.24,51,"correct"
"CommentsController__create","invariant sourceMapsHaveEnvironments","z3",128,47,211,224,0.03,2570.24,57,"correct"
"CommentsController__create","invariant userEventsHaveUsers","z3",128,47,211,224,0.03,2570.24,62,"correct"
"CommentsController__create","invariant userEventsHaveEvents","z3",128,47,211,224,0.02,2570.24,62,"correct"
"CommentsController__create","invariant watchesHaveUsers","z3",128,47,211,224,0.03,2570.24,57,"correct"
"CommentsController__create","invariant watchesHaveBugs","z3",128,47,211,224,0.03,2580.48,58,"correct"
"CommentsController__destroy","invariant commentsHaveBugs","z3",125,47,205,224,0.02,2590.72,108,"correct"
"CommentsController__destroy","invariant deploysHaveEnvironments","z3",125,47,205,224,0.01,2590.72,75,"correct"
"CommentsController__destroy","invariant deviceBugsHaveBugs","z3",125,47,205,224,0.02,2580.48,70,"correct"
"CommentsController__destroy","invariant emailsHaveUsers","z3",125,47,205,224,0.02,2580.48,69,"correct"
"CommentsController__destroy","invariant environmentsHaveProjects","z3",125,47,205,224,0.01,2672.64,74,"correct"
"CommentsController__destroy","invariant eventsHaveBugs","z3",125,47,205,224,0.03,2580.48,70,"correct"
"CommentsController__destroy","invariant membershipsHaveUsers","z3",125,47,205,224,0.02,2590.72,80,"correct"
"CommentsController__destroy","invariant membershipsHaveProjects","z3",125,47,205,224,0.02,2580.48,80,"correct"
"CommentsController__destroy","invariant notificationThresholdsHaveUsers","z3",125,47,205,224,0.03,2580.48,75,"correct"
"CommentsController__destroy","invariant notificationThresholdsHaveBugs","z3",125,47,205,224,0.02,2580.48,76,"correct"
"CommentsController__destroy","invariant obfuscationMapsHaveDeploys","z3",125,47,205,224,0.03,2590.72,74,"correct"
"CommentsController__destroy","invariant occurrencesHaveBugs","z3",125,47,205,224,0.03,2580.48,70,"correct"
"CommentsController__destroy","invariant projectsHaveOwners","z3",125,47,205,224,0.03,2590.72,69,"correct"
"CommentsController__destroy","invariant sourceMapsHaveEnvironments","z3",125,47,205,224,0.02,2590.72,75,"correct"
"CommentsController__destroy","invariant userEventsHaveUsers","z3",125,47,205,224,0.03,2580.48,80,"correct"
"CommentsController__destroy","invariant userEventsHaveEvents","z3",125,47,205,224,0.03,2590.72,80,"correct"
"CommentsController__destroy","invariant watchesHaveUsers","z3",125,47,205,224,0.03,2580.48,75,"correct"
"CommentsController__destroy","invariant watchesHaveBugs","z3",125,47,205,224,0.02,2580.48,76,"correct"
"CommentsController__index","invariant commentsHaveBugs","z3",408,47,211,409,0.06,5079.04,602,"correct"
"CommentsController__index","invariant deploysHaveEnvironments","z3",408,47,211,409,0.06,5130.24,642,"correct"
"CommentsController__index","invariant deviceBugsHaveBugs","z3",408,47,211,409,0.06,4444.16,602,"correct"
"CommentsController__index","invariant emailsHaveUsers","z3",408,47,211,409,0.06,4444.16,598,"correct"
"CommentsController__index","invariant environmentsHaveProjects","z3",408,47,211,409,0.06,5140.48,626,"correct"
"CommentsController__index","invariant eventsHaveBugs","z3",408,47,211,409,0.06,4444.16,602,"correct"
"CommentsController__index","invariant membershipsHaveUsers","z3",408,47,211,409,0.06,5099.52,652,"correct"
"CommentsController__index","invariant membershipsHaveProjects","z3",408,47,211,409,0.06,5089.28,656,"correct"
"CommentsController__index","invariant notificationThresholdsHaveUsers","z3",408,47,211,410,0.06,5089.28,628,"correct"
"CommentsController__index","invariant notificationThresholdsHaveBugs","z3",408,47,211,410,0.02,5099.52,632,"correct"
"CommentsController__index","invariant obfuscationMapsHaveDeploys","z3",408,47,211,409,0.06,5099.52,650,"correct"
"CommentsController__index","invariant occurrencesHaveBugs","z3",408,47,211,409,0.06,5089.28,602,"correct"
"CommentsController__index","invariant projectsHaveOwners","z3",408,47,211,409,0.05,4433.92,600,"correct"
"CommentsController__index","invariant sourceMapsHaveEnvironments","z3",408,47,211,409,0.06,5099.52,642,"correct"
"CommentsController__index","invariant userEventsHaveUsers","z3",408,47,211,409,0.06,5079.04,652,"correct"
"CommentsController__index","invariant userEventsHaveEvents","z3",408,47,211,409,0.04,5079.04,644,"correct"
"CommentsController__index","invariant watchesHaveUsers","z3",408,47,211,409,0.06,5120.0,628,"correct"
"CommentsController__index","invariant watchesHaveBugs","z3",408,47,211,409,0.06,5130.24,632,"correct"
"CommentsController__update","invariant commentsHaveBugs","z3",121,47,202,224,0.03,2560.0,67,"correct"
"CommentsController__update","invariant deploysHaveEnvironments","z3",121,47,202,224,0.03,2570.24,72,"correct"
"CommentsController__update","invariant deviceBugsHaveBugs","z3",121,47,202,224,0.01,2560.0,67,"correct"
"CommentsController__update","invariant emailsHaveUsers","z3",121,47,202,224,0.03,2560.0,66,"correct"
"CommentsController__update","invariant environmentsHaveProjects","z3",121,47,202,224,0.03,2560.0,71,"correct"
"CommentsController__update","invariant eventsHaveBugs","z3",121,47,202,224,0.01,2560.0,67,"correct"
"CommentsController__update","invariant membershipsHaveUsers","z3",121,47,202,224,0.03,2549.76,77,"correct"
"CommentsController__update","invariant membershipsHaveProjects","z3",121,47,202,224,0.03,2549.76,77,"correct"
"CommentsController__update","invariant notificationThresholdsHaveUsers","z3",121,47,202,224,0.02,2560.0,72,"correct"
"CommentsController__update","invariant notificationThresholdsHaveBugs","z3",121,47,202,224,0.02,2560.0,73,"correct"
"CommentsController__update","invariant obfuscationMapsHaveDeploys","z3",121,47,202,224,0.03,2560.0,71,"correct"
"CommentsController__update","invariant occurrencesHaveBugs","z3",121,47,202,224,0.03,2560.0,67,"correct"
"CommentsController__update","invariant projectsHaveOwners","z3",121,47,202,224,0.03,2560.0,66,"correct"
"CommentsController__update","invariant sourceMapsHaveEnvironments","z3",121,47,202,224,0.03,2570.24,72,"correct"
"CommentsController__update","invariant userEventsHaveUsers","z3",121,47,202,224,0.02,2560.0,77,"correct"
"CommentsController__update","invariant userEventsHaveEvents","z3",121,47,202,224,0.03,2549.76,77,"correct"
"CommentsController__update","invariant watchesHaveUsers","z3",121,47,202,224,0.03,2560.0,72,"correct"
"CommentsController__update","invariant watchesHaveBugs","z3",121,47,202,224,0.02,2560.0,73,"correct"
"EmailsController__create","invariant commentsHaveBugs","z3",266,47,206,321,0.05,3512.32,262,"correct"
"EmailsController__create","invariant deploysHaveEnvironments","z3",266,47,206,321,0.05,3614.72,289,"correct"
"EmailsController__create","invariant deviceBugsHaveBugs","z3",266,47,206,321,0.05,3512.32,262,"correct"
"EmailsController__create","invariant emailsHaveUsers","z3",266,47,206,321,0.04,5683.2,624,"correct"
"EmailsController__create","invariant environmentsHaveProjects","z3",266,47,206,321,0.04,3512.32,281,"correct"
"EmailsController__create","invariant eventsHaveBugs","z3",266,47,206,321,0.05,3512.32,262,"correct"
"EmailsController__create","invariant membershipsHaveUsers","z3",266,47,206,321,0.05,3614.72,307,"correct"
"EmailsController__create","invariant membershipsHaveProjects","z3",266,47,206,321,0.05,3614.72,303,"correct"
"EmailsController__create","invariant notificationThresholdsHaveUsers","z3",266,47,206,321,0.05,3512.32,290,"correct"
"EmailsController__create","invariant notificationThresholdsHaveBugs","z3",266,47,206,321,0.05,3512.32,284,"correct"
"EmailsController__create","invariant obfuscationMapsHaveDeploys","z3",266,47,206,321,0.05,3614.72,288,"correct"
"EmailsController__create","invariant occurrencesHaveBugs","z3",266,47,206,321,0.05,3512.32,262,"correct"
"EmailsController__create","invariant projectsHaveOwners","z3",266,47,206,321,0.05,3522.56,269,"correct"
"EmailsController__create","invariant sourceMapsHaveEnvironments","z3",266,47,206,321,0.05,3614.72,289,"correct"
"EmailsController__create","invariant userEventsHaveUsers","z3",266,47,206,321,0.05,3614.72,306,"correct"
"EmailsController__create","invariant userEventsHaveEvents","z3",266,47,206,321,0.05,3614.72,300,"correct"
"EmailsController__create","invariant watchesHaveUsers","z3",266,47,206,321,0.02,3512.32,290,"correct"
"EmailsController__create","invariant watchesHaveBugs","z3",266,47,206,321,0.04,3512.32,284,"correct"
"EmailsController__destroy","invariant commentsHaveBugs","z3",263,47,200,323,0.04,3491.84,293,"correct"
"EmailsController__destroy","invariant deploysHaveEnvironments","z3",263,47,200,324,0.03,3594.24,320,"correct"
"EmailsController__destroy","invariant deviceBugsHaveBugs","z3",263,47,200,324,0.03,3491.84,293,"correct"
"EmailsController__destroy","invariant emailsHaveUsers","z3",263,47,200,324,0.03,3584.0,311,"correct"
"EmailsController__destroy","invariant environmentsHaveProjects","z3",263,47,200,324,0.03,3594.24,312,"correct"
"EmailsController__destroy","invariant eventsHaveBugs","z3",263,47,200,323,0.05,3491.84,293,"correct"
"EmailsController__destroy","invariant membershipsHaveUsers","z3",263,47,200,324,0.05,3594.24,340,"correct"
"EmailsController__destroy","invariant membershipsHaveProjects","z3",263,47,200,324,0.05,3594.24,334,"correct"
"EmailsController__destroy","invariant notificationThresholdsHaveUsers","z3",263,47,200,324,0.03,3594.24,323,"correct"
"EmailsController__destroy","invariant notificationThresholdsHaveBugs","z3",263,47,200,324,0.05,3491.84,315,"correct"
"EmailsController__destroy","invariant obfuscationMapsHaveDeploys","z3",263,47,200,324,0.05,3594.24,319,"correct"
"EmailsController__destroy","invariant occurrencesHaveBugs","z3",263,47,200,324,0.05,3491.84,293,"correct"
"EmailsController__destroy","invariant projectsHaveOwners","z3",263,47,200,324,0.05,3584.0,302,"correct"
"EmailsController__destroy","invariant sourceMapsHaveEnvironments","z3",263,47,200,324,0.04,3594.24,320,"correct"
"EmailsController__destroy","invariant userEventsHaveUsers","z3",263,47,200,324,0.05,3594.24,339,"correct"
"EmailsController__destroy","invariant userEventsHaveEvents","z3",263,47,200,324,0.05,3594.24,331,"correct"
"EmailsController__destroy","invariant watchesHaveUsers","z3",263,47,200,323,0.05,3594.24,323,"correct"
"EmailsController__destroy","invariant watchesHaveBugs","z3",263,47,200,323,0.05,3491.84,315,"correct"
"EmailsController__index","invariant commentsHaveBugs","z3",403,47,200,424,0.06,4116.48,813,"correct"
"EmailsController__index","invariant deploysHaveEnvironments","z3",403,47,200,424,0.06,4218.88,905,"correct"
"EmailsController__index","invariant deviceBugsHaveBugs","z3",403,47,200,424,0.04,4116.48,813,"correct"
"EmailsController__index","invariant emailsHaveUsers","z3",403,47,200,424,0.06,4126.72,827,"correct"
"EmailsController__index","invariant environmentsHaveProjects","z3",403,47,200,425,0.06,4229.12,1162,"correct"
"EmailsController__index","invariant eventsHaveBugs","z3",403,47,200,424,0.06,4116.48,813,"correct"
"EmailsController__index","invariant membershipsHaveUsers","z3",403,47,200,424,0.05,4229.12,939,"correct"
"EmailsController__index","invariant membershipsHaveProjects","z3",403,47,200,424,0.06,4229.12,1256,"correct"
"EmailsController__index","invariant notificationThresholdsHaveUsers","z3",403,47,200,425,0.03,4229.12,887,"correct"
"EmailsController__index","invariant notificationThresholdsHaveBugs","z3",403,47,200,425,0.06,4229.12,875,"correct"
"EmailsController__index","invariant obfuscationMapsHaveDeploys","z3",403,47,200,425,0.04,4218.88,937,"correct"
"EmailsController__index","invariant occurrencesHaveBugs","z3",403,47,200,424,0.05,4116.48,813,"correct"
"EmailsController__index","invariant projectsHaveOwners","z3",403,47,200,424,0.06,4218.88,827,"correct"
"EmailsController__index","invariant sourceMapsHaveEnvironments","z3",403,47,200,425,0.06,4218.88,905,"correct"
"EmailsController__index","invariant userEventsHaveUsers","z3",403,47,200,424,0.06,4218.88,937,"correct"
"EmailsController__index","invariant userEventsHaveEvents","z3",403,47,200,424,0.06,4218.88,925,"correct"
"EmailsController__index","invariant watchesHaveUsers","z3",403,47,200,424,0.05,4229.12,887,"correct"
"EmailsController__index","invariant watchesHaveBugs","z3",403,47,200,424,0.06,4229.12,875,"correct"
"EnvironmentsController__update","invariant commentsHaveBugs","z3",117,47,194,228,0.03,2447.36,36,"correct"
"EnvironmentsController__update","invariant deploysHaveEnvironments","z3",117,47,194,228,0.01,2437.12,42,"correct"
"EnvironmentsController__update","invariant deviceBugsHaveBugs","z3",117,47,194,228,0.01,2447.36,36,"correct"
"EnvironmentsController__update","invariant emailsHaveUsers","z3",117,47,194,228,0.02,2447.36,36,"correct"
"EnvironmentsController__update","invariant environmentsHaveProjects","z3",117,47,194,228,0.03,2437.12,41,"correct"
"EnvironmentsController__update","invariant eventsHaveBugs","z3",117,47,194,228,0.01,2447.36,36,"correct"
"EnvironmentsController__update","invariant membershipsHaveUsers","z3",117,47,194,228,0.02,2437.12,47,"correct"
"EnvironmentsController__update","invariant membershipsHaveProjects","z3",117,47,194,228,0.02,2437.12,47,"correct"
"EnvironmentsController__update","invariant notificationThresholdsHaveUsers","z3",117,47,194,229,0.03,2437.12,42,"correct"
"EnvironmentsController__update","invariant notificationThresholdsHaveBugs","z3",117,47,194,229,0.02,2437.12,42,"correct"
"EnvironmentsController__update","invariant obfuscationMapsHaveDeploys","z3",117,47,194,228,0.02,2447.36,41,"correct"
"EnvironmentsController__update","invariant occurrencesHaveBugs","z3",117,47,194,228,0.03,2447.36,36,"correct"
"EnvironmentsController__update","invariant projectsHaveOwners","z3",117,47,194,228,0.01,2437.12,36,"correct"
"EnvironmentsController__update","invariant sourceMapsHaveEnvironments","z3",117,47,194,228,0.02,2437.12,42,"correct"
"EnvironmentsController__update","invariant userEventsHaveUsers","z3",117,47,194,228,0.01,2437.12,47,"correct"
"EnvironmentsController__update","invariant userEventsHaveEvents","z3",117,47,194,228,0.01,2437.12,47,"correct"
"EnvironmentsController__update","invariant watchesHaveUsers","z3",117,47,194,228,0.03,2437.12,42,"correct"
"EnvironmentsController__update","invariant watchesHaveBugs","z3",117,47,194,228,0.01,2437.12,42,"correct"
"EventsController__index","invariant commentsHaveBugs","z3",408,47,211,409,0.06,5089.28,602,"correct"
"EventsController__index","invariant deploysHaveEnvironments","z3",408,47,211,409,0.06,5099.52,642,"correct"
"EventsController__index","invariant deviceBugsHaveBugs","z3",408,47,211,409,0.06,5099.52,602,"correct"
"EventsController__index","invariant emailsHaveUsers","z3",408,47,211,409,0.06,4444.16,598,"correct"
"EventsController__index","invariant environmentsHaveProjects","z3",408,47,211,409,0.06,5130.24,626,"correct"
"EventsController__index","invariant eventsHaveBugs","z3",408,47,211,409,0.06,5099.52,602,"correct"
"EventsController__index","invariant membershipsHaveUsers","z3",408,47,211,409,0.06,5079.04,652,"correct"
"EventsController__index","invariant membershipsHaveProjects","z3",408,47,211,409,0.06,5079.04,656,"correct"
"EventsController__index","invariant notificationThresholdsHaveUsers","z3",408,47,211,409,0.06,5068.8,628,"correct"
"EventsController__index","invariant notificationThresholdsHaveBugs","z3",408,47,211,409,0.06,5089.28,632,"correct"
"EventsController__index","invariant obfuscationMapsHaveDeploys","z3",408,47,211,409,0.06,5099.52,650,"correct"
"EventsController__index","invariant occurrencesHaveBugs","z3",408,47,211,409,0.06,5089.28,602,"correct"
"EventsController__index","invariant projectsHaveOwners","z3",408,47,211,409,0.06,5089.28,600,"correct"
"EventsController__index","invariant sourceMapsHaveEnvironments","z3",408,47,211,409,0.06,5079.04,642,"correct"
"EventsController__index","invariant userEventsHaveUsers","z3",408,47,211,409,0.06,5068.8,652,"correct"
"EventsController__index","invariant userEventsHaveEvents","z3",408,47,211,409,0.06,5068.8,648,"correct"
"EventsController__index","invariant watchesHaveUsers","z3",408,47,211,409,0.06,5109.76,628,"correct"
"EventsController__index","invariant watchesHaveBugs","z3",408,47,211,409,0.06,5130.24,632,"correct"
"NotificationThresholdsController__create","invariant commentsHaveBugs","z3",265,47,209,319,0.05,3727.36,329,"correct"
"NotificationThresholdsController__create","invariant deploysHaveEnvironments","z3",265,47,209,319,0.04,3891.2,342,"correct"
"NotificationThresholdsController__create","invariant deviceBugsHaveBugs","z3",265,47,209,319,0.05,3727.36,329,"correct"
"NotificationThresholdsController__create","invariant emailsHaveUsers","z3",265,47,209,318,0.05,3727.36,331,"correct"
"NotificationThresholdsController__create","invariant environmentsHaveProjects","z3",265,47,209,319,0.02,3932.16,339,"correct"
"NotificationThresholdsController__create","invariant eventsHaveBugs","z3",265,47,209,318,0.03,3727.36,329,"correct"
"NotificationThresholdsController__create","invariant membershipsHaveUsers","z3",265,47,209,319,0.05,3860.48,350,"correct"
"NotificationThresholdsController__create","invariant membershipsHaveProjects","z3",265,47,209,319,0.05,3942.4,350,"correct"
"NotificationThresholdsController__create","invariant notificationThresholdsHaveUsers","z3",265,47,209,319,0.05,3932.16,343,"correct"
"NotificationThresholdsController__create","invariant notificationThresholdsHaveBugs","z3",265,47,209,319,0.05,3901.44,341,"correct"
"NotificationThresholdsController__create","invariant obfuscationMapsHaveDeploys","z3",265,47,209,319,0.05,3942.4,338,"correct"
"NotificationThresholdsController__create","invariant occurrencesHaveBugs","z3",265,47,209,319,0.03,3727.36,329,"correct"
"NotificationThresholdsController__create","invariant projectsHaveOwners","z3",265,47,209,319,0.05,3727.36,332,"correct"
"NotificationThresholdsController__create","invariant sourceMapsHaveEnvironments","z3",265,47,209,319,0.05,3891.2,342,"correct"
"NotificationThresholdsController__create","invariant userEventsHaveUsers","z3",265,47,209,319,0.05,3942.4,350,"correct"
"NotificationThresholdsController__create","invariant userEventsHaveEvents","z3",265,47,209,319,0.05,3860.48,344,"correct"
"NotificationThresholdsController__create","invariant watchesHaveUsers","z3",265,47,209,318,0.03,3932.16,342,"correct"
"NotificationThresholdsController__create","invariant watchesHaveBugs","z3",265,47,209,318,0.05,3901.44,340,"correct"
"NotificationThresholdsController__destroy","invariant commentsHaveBugs","z3",124,47,202,227,0.02,2488.32,49,"correct"
"NotificationThresholdsController__destroy","invariant deploysHaveEnvironments","z3",124,47,202,228,0.03,2580.48,54,"correct"
"NotificationThresholdsController__destroy","invariant deviceBugsHaveBugs","z3",124,47,202,228,0.03,2488.32,49,"correct"
"NotificationThresholdsController__destroy","invariant emailsHaveUsers","z3",124,47,202,227,0.03,2478.08,48,"correct"
"NotificationThresholdsController__destroy","invariant environmentsHaveProjects","z3",124,47,202,228,0.02,2580.48,53,"correct"
"NotificationThresholdsController__destroy","invariant eventsHaveBugs","z3",124,47,202,227,0.03,2488.32,49,"correct"
"NotificationThresholdsController__destroy","invariant membershipsHaveUsers","z3",124,47,202,228,0.02,2580.48,59,"correct"
"NotificationThresholdsController__destroy","invariant membershipsHaveProjects","z3",124,47,202,228,0.02,2478.08,59,"correct"
"NotificationThresholdsController__destroy","invariant notificationThresholdsHaveUsers","z3",124,47,202,228,0.03,2488.32,86,"correct"
"NotificationThresholdsController__destroy","invariant notificationThresholdsHaveBugs","z3",124,47,202,228,0.03,2488.32,87,"correct"
"NotificationThresholdsController__destroy","invariant obfuscationMapsHaveDeploys","z3",124,47,202,228,0.03,2478.08,53,"correct"
"NotificationThresholdsController__destroy","invariant occurrencesHaveBugs","z3",124,47,202,228,0.02,2488.32,49,"correct"
"NotificationThresholdsController__destroy","invariant projectsHaveOwners","z3",124,47,202,228,0.03,2478.08,48,"correct"
"NotificationThresholdsController__destroy","invariant sourceMapsHaveEnvironments","z3",124,47,202,228,0.02,2580.48,54,"correct"
"NotificationThresholdsController__destroy","invariant userEventsHaveUsers","z3",124,47,202,228,0.03,2488.32,59,"correct"
"NotificationThresholdsController__destroy","invariant userEventsHaveEvents","z3",124,47,202,228,0.03,2478.08,59,"correct"
"NotificationThresholdsController__destroy","invariant watchesHaveUsers","z3",124,47,202,227,0.01,2488.32,54,"correct"
"NotificationThresholdsController__destroy","invariant watchesHaveBugs","z3",124,47,202,227,0.03,2488.32,55,"correct"
"NotificationThresholdsController__update","invariant commentsHaveBugs","z3",265,47,209,319,0.05,3727.36,329,"correct"
"NotificationThresholdsController__update","invariant deploysHaveEnvironments","z3",265,47,209,319,0.05,3891.2,342,"correct"
"NotificationThresholdsController__update","invariant deviceBugsHaveBugs","z3",265,47,209,319,0.05,3727.36,329,"correct"
"NotificationThresholdsController__update","invariant emailsHaveUsers","z3",265,47,209,318,0.04,3727.36,331,"correct"
"NotificationThresholdsController__update","invariant environmentsHaveProjects","z3",265,47,209,319,0.05,3932.16,339,"correct"
"NotificationThresholdsController__update","invariant eventsHaveBugs","z3",265,47,209,318,0.05,3727.36,329,"correct"
"NotificationThresholdsController__update","invariant membershipsHaveUsers","z3",265,47,209,319,0.05,3860.48,350,"correct"
"NotificationThresholdsController__update","invariant membershipsHaveProjects","z3",265,47,209,319,0.05,3942.4,350,"correct"
"NotificationThresholdsController__update","invariant notificationThresholdsHaveUsers","z3",265,47,209,319,0.05,3932.16,343,"correct"
"NotificationThresholdsController__update","invariant notificationThresholdsHaveBugs","z3",265,47,209,319,0.05,3901.44,341,"correct"
"NotificationThresholdsController__update","invariant obfuscationMapsHaveDeploys","z3",265,47,209,319,0.05,3942.4,338,"correct"
"NotificationThresholdsController__update","invariant occurrencesHaveBugs","z3",265,47,209,319,0.05,3727.36,329,"correct"
"NotificationThresholdsController__update","invariant projectsHaveOwners","z3",265,47,209,319,0.05,3727.36,332,"correct"
"NotificationThresholdsController__update","invariant sourceMapsHaveEnvironments","z3",265,47,209,319,0.05,3891.2,342,"correct"
"NotificationThresholdsController__update","invariant userEventsHaveUsers","z3",265,47,209,319,0.05,3942.4,350,"correct"
"NotificationThresholdsController__update","invariant userEventsHaveEvents","z3",265,47,209,319,0.05,3860.48,344,"correct"
"NotificationThresholdsController__update","invariant watchesHaveUsers","z3",265,47,209,318,0.05,3932.16,342,"correct"
"NotificationThresholdsController__update","invariant watchesHaveBugs","z3",265,47,209,318,0.05,3901.44,340,"correct"
"OccurrencesController__aggregate","invariant commentsHaveBugs","z3",119,47,198,226,0.03,2437.12,49,"correct"
"OccurrencesController__aggregate","invariant deploysHaveEnvironments","z3",119,47,198,226,0.02,2549.76,54,"correct"
"OccurrencesController__aggregate","invariant deviceBugsHaveBugs","z3",119,47,198,226,0.03,2437.12,49,"correct"
"OccurrencesController__aggregate","invariant emailsHaveUsers","z3",119,47,198,226,0.01,2437.12,48,"correct"
"OccurrencesController__aggregate","invariant environmentsHaveProjects","z3",119,47,198,226,0.02,2549.76,53,"correct"
"OccurrencesController__aggregate","invariant eventsHaveBugs","z3",119,47,198,226,0.03,2437.12,49,"correct"
"OccurrencesController__aggregate","invariant membershipsHaveUsers","z3",119,47,198,226,0.01,2447.36,59,"correct"
"OccurrencesController__aggregate","invariant membershipsHaveProjects","z3",119,47,198,226,0.02,2447.36,59,"correct"
"OccurrencesController__aggregate","invariant notificationThresholdsHaveUsers","z3",119,47,198,227,0.02,2437.12,54,"correct"
"OccurrencesController__aggregate","invariant notificationThresholdsHaveBugs","z3",119,47,198,226,0.03,2437.12,55,"correct"
"OccurrencesController__aggregate","invariant obfuscationMapsHaveDeploys","z3",119,47,198,226,0.03,2437.12,53,"correct"
"OccurrencesController__aggregate","invariant occurrencesHaveBugs","z3",119,47,198,226,0.02,2437.12,49,"correct"
"OccurrencesController__aggregate","invariant projectsHaveOwners","z3",119,47,198,226,0.02,2447.36,48,"correct"
"OccurrencesController__aggregate","invariant sourceMapsHaveEnvironments","z3",119,47,198,226,0.05,2549.76,54,"correct"
"OccurrencesController__aggregate","invariant userEventsHaveUsers","z3",119,47,198,226,0.02,2437.12,59,"correct"
"OccurrencesController__aggregate","invariant userEventsHaveEvents","z3",119,47,198,226,0.03,2437.12,59,"correct"
"OccurrencesController__aggregate","invariant watchesHaveUsers","z3",119,47,198,226,0.03,2437.12,54,"correct"
"OccurrencesController__aggregate","invariant watchesHaveBugs","z3",119,47,198,226,0.02,2437.12,55,"correct"
"OccurrencesController__histogram","invariant commentsHaveBugs","z3",119,47,198,226,0.03,2437.12,49,"correct"
"OccurrencesController__histogram","invariant deploysHaveEnvironments","z3",119,47,198,226,0.02,2549.76,54,"correct"
"OccurrencesController__histogram","invariant deviceBugsHaveBugs","z3",119,47,198,226,0.03,2437.12,49,"correct"
"OccurrencesController__histogram","invariant emailsHaveUsers","z3",119,47,198,226,0.01,2437.12,48,"correct"
"OccurrencesController__histogram","invariant environmentsHaveProjects","z3",119,47,198,226,0.01,2549.76,53,"correct"
"OccurrencesController__histogram","invariant eventsHaveBugs","z3",119,47,198,226,0.01,2437.12,49,"correct"
"OccurrencesController__histogram","invariant membershipsHaveUsers","z3",119,47,198,226,0.01,2447.36,59,"correct"
"OccurrencesController__histogram","invariant membershipsHaveProjects","z3",119,47,198,226,0.03,2447.36,59,"correct"
"OccurrencesController__histogram","invariant notificationThresholdsHaveUsers","z3",119,47,198,227,0.03,2437.12,54,"correct"
"OccurrencesController__histogram","invariant notificationThresholdsHaveBugs","z3",119,47,198,226,0.02,2437.12,55,"correct"
"OccurrencesController__histogram","invariant obfuscationMapsHaveDeploys","z3",119,47,198,226,0.02,2437.12,53,"correct"
"OccurrencesController__histogram","invariant occurrencesHaveBugs","z3",119,47,198,226,0.03,2437.12,49,"correct"
"OccurrencesController__histogram","invariant projectsHaveOwners","z3",119,47,198,226,0.03,2447.36,48,"correct"
"OccurrencesController__histogram","invariant sourceMapsHaveEnvironments","z3",119,47,198,226,0.02,2549.76,54,"correct"
"OccurrencesController__histogram","invariant userEventsHaveUsers","z3",119,47,198,226,0.02,2437.12,59,"correct"
"OccurrencesController__histogram","invariant userEventsHaveEvents","z3",119,47,198,226,0.02,2437.12,59,"correct"
"OccurrencesController__histogram","invariant watchesHaveUsers","z3",119,47,198,226,0.03,2437.12,54,"correct"
"OccurrencesController__histogram","invariant watchesHaveBugs","z3",119,47,198,226,0.03,2437.12,55,"correct"
"OccurrencesController__index","invariant commentsHaveBugs","z3",119,47,198,226,0.01,2437.12,49,"correct"
"OccurrencesController__index","invariant deploysHaveEnvironments","z3",119,47,198,226,0.03,2549.76,54,"correct"
"OccurrencesController__index","invariant deviceBugsHaveBugs","z3",119,47,198,226,0.03,2437.12,49,"correct"
"OccurrencesController__index","invariant emailsHaveUsers","z3",119,47,198,226,0.02,2437.12,48,"correct"
"OccurrencesController__index","invariant environmentsHaveProjects","z3",119,47,198,226,0.01,2549.76,53,"correct"
"OccurrencesController__index","invariant eventsHaveBugs","z3",119,47,198,226,0.03,2437.12,49,"correct"
"OccurrencesController__index","invariant membershipsHaveUsers","z3",119,47,198,226,0.03,2447.36,59,"correct"
"OccurrencesController__index","invariant membershipsHaveProjects","z3",119,47,198,226,0.02,2447.36,59,"correct"
"OccurrencesController__index","invariant notificationThresholdsHaveUsers","z3",119,47,198,227,0.02,2437.12,54,"correct"
"OccurrencesController__index","invariant notificationThresholdsHaveBugs","z3",119,47,198,226,0.02,2437.12,55,"correct"
"OccurrencesController__index","invariant obfuscationMapsHaveDeploys","z3",119,47,198,226,0.03,2437.12,53,"correct"
"OccurrencesController__index","invariant occurrencesHaveBugs","z3",119,47,198,226,0.02,2437.12,49,"correct"
"OccurrencesController__index","invariant projectsHaveOwners","z3",119,47,198,226,0.03,2447.36,48,"correct"
"OccurrencesController__index","invariant sourceMapsHaveEnvironments","z3",119,47,198,226,0.03,2549.76,54,"correct"
"OccurrencesController__index","invariant userEventsHaveUsers","z3",119,47,198,226,0.03,2437.12,59,"correct"
"OccurrencesController__index","invariant userEventsHaveEvents","z3",119,47,198,226,0.01,2437.12,59,"correct"
"OccurrencesController__index","invariant watchesHaveUsers","z3",119,47,198,226,0.03,2437.12,54,"correct"
"OccurrencesController__index","invariant watchesHaveBugs","z3",119,47,198,226,0.03,2437.12,55,"correct"
"OccurrencesController__show","invariant commentsHaveBugs","z3",121,47,202,224,0.03,2519.04,67,"correct"
"OccurrencesController__show","invariant deploysHaveEnvironments","z3",121,47,202,224,0.01,2570.24,72,"correct"
"OccurrencesController__show","invariant deviceBugsHaveBugs","z3",121,47,202,224,0.03,2560.0,67,"correct"
"OccurrencesController__show","invariant emailsHaveUsers","z3",121,47,202,224,0.01,2560.0,66,"correct"
"OccurrencesController__show","invariant environmentsHaveProjects","z3",121,47,202,224,0.01,2560.0,71,"correct"
"OccurrencesController__show","invariant eventsHaveBugs","z3",121,47,202,224,0.03,2560.0,67,"correct"
"OccurrencesController__show","invariant membershipsHaveUsers","z3",121,47,202,224,0.02,2549.76,77,"correct"
"OccurrencesController__show","invariant membershipsHaveProjects","z3",121,47,202,224,0.03,2549.76,77,"correct"
"OccurrencesController__show","invariant notificationThresholdsHaveUsers","z3",121,47,202,225,0.03,2519.04,72,"correct"
"OccurrencesController__show","invariant notificationThresholdsHaveBugs","z3",121,47,202,225,0.03,2560.0,73,"correct"
"OccurrencesController__show","invariant obfuscationMapsHaveDeploys","z3",121,47,202,224,0.02,2560.0,71,"correct"
"OccurrencesController__show","invariant occurrencesHaveBugs","z3",121,47,202,224,0.01,2560.0,67,"correct"
"OccurrencesController__show","invariant projectsHaveOwners","z3",121,47,202,224,0.03,2560.0,66,"correct"
"OccurrencesController__show","invariant sourceMapsHaveEnvironments","z3",121,47,202,224,0.02,2570.24,72,"correct"
"OccurrencesController__show","invariant userEventsHaveUsers","z3",121,47,202,224,0.03,2560.0,77,"correct"
"OccurrencesController__show","invariant userEventsHaveEvents","z3",121,47,202,224,0.03,2549.76,77,"correct"
"OccurrencesController__show","invariant watchesHaveUsers","z3",121,47,202,224,0.03,2560.0,72,"correct"
"OccurrencesController__show","invariant watchesHaveBugs","z3",121,47,202,224,0.01,2560.0,73,"correct"
"Project_MembershipController__destroy","invariant commentsHaveBugs","z3",121,47,197,228,0.03,2426.88,39,"correct"
"Project_MembershipController__destroy","invariant deploysHaveEnvironments","z3",121,47,197,228,0.03,2426.88,44,"correct"
"Project_MembershipController__destroy","invariant deviceBugsHaveBugs","z3",121,47,197,228,0.01,2426.88,39,"correct"
"Project_MembershipController__destroy","invariant emailsHaveUsers","z3",121,47,197,228,0.01,2426.88,39,"correct"
"Project_MembershipController__destroy","invariant environmentsHaveProjects","z3",121,47,197,228,0.03,2437.12,44,"correct"
"Project_MembershipController__destroy","invariant eventsHaveBugs","z3",121,47,197,228,0.03,2426.88,39,"correct"
"Project_MembershipController__destroy","invariant membershipsHaveUsers","z3",121,47,197,228,0.02,2529.28,64,"correct"
"Project_MembershipController__destroy","invariant membershipsHaveProjects","z3",121,47,197,228,0.03,2539.52,65,"correct"
"Project_MembershipController__destroy","invariant notificationThresholdsHaveUsers","z3",121,47,197,229,0.03,2426.88,45,"correct"
"Project_MembershipController__destroy","invariant notificationThresholdsHaveBugs","z3",121,47,197,229,0.03,2426.88,45,"correct"
"Project_MembershipController__destroy","invariant obfuscationMapsHaveDeploys","z3",121,47,197,228,0.01,2437.12,44,"correct"
"Project_MembershipController__destroy","invariant occurrencesHaveBugs","z3",121,47,197,228,0.03,2426.88,39,"correct"
"Project_MembershipController__destroy","invariant projectsHaveOwners","z3",121,47,197,228,0.02,2437.12,39,"correct"
"Project_MembershipController__destroy","invariant sourceMapsHaveEnvironments","z3",121,47,197,228,0.03,2426.88,44,"correct"
"Project_MembershipController__destroy","invariant userEventsHaveUsers","z3",121,47,197,228,0.03,2426.88,50,"correct"
"Project_MembershipController__destroy","invariant userEventsHaveEvents","z3",121,47,197,228,0.03,2426.88,50,"correct"
"Project_MembershipController__destroy","invariant watchesHaveUsers","z3",121,47,197,228,0.03,2426.88,45,"correct"
"Project_MembershipController__destroy","invariant watchesHaveBugs","z3",121,47,197,228,0.02,2426.88,45,"correct"
"Project_MembershipController__edit","invariant commentsHaveBugs","z3",117,47,194,228,0.03,2334.72,36,"correct"
"Project_MembershipController__edit","invariant deploysHaveEnvironments","z3",117,47,194,228,0.03,2437.12,41,"correct"
"Project_MembershipController__edit","invariant deviceBugsHaveBugs","z3",117,47,194,228,0.03,2334.72,36,"correct"
"Project_MembershipController__edit","invariant emailsHaveUsers","z3",117,47,194,228,0.03,2334.72,36,"correct"
"Project_MembershipController__edit","invariant environmentsHaveProjects","z3",117,47,194,228,0.01,2437.12,41,"correct"
"Project_MembershipController__edit","invariant eventsHaveBugs","z3",117,47,194,228,0.03,2334.72,36,"correct"
"Project_MembershipController__edit","invariant membershipsHaveUsers","z3",117,47,194,228,0.03,2437.12,49,"correct"
"Project_MembershipController__edit","invariant membershipsHaveProjects","z3",117,47,194,228,0.02,2437.12,49,"correct"
"Project_MembershipController__edit","invariant notificationThresholdsHaveUsers","z3",117,47,194,229,0.02,2437.12,42,"correct"
"Project_MembershipController__edit","invariant notificationThresholdsHaveBugs","z3",117,47,194,228,0.02,2437.12,42,"correct"
"Project_MembershipController__edit","invariant obfuscationMapsHaveDeploys","z3",117,47,194,228,0.02,2437.12,41,"correct"
"Project_MembershipController__edit","invariant occurrencesHaveBugs","z3",117,47,194,228,0.02,2334.72,36,"correct"
"Project_MembershipController__edit","invariant projectsHaveOwners","z3",117,47,194,228,0.01,2437.12,36,"correct"
"Project_MembershipController__edit","invariant sourceMapsHaveEnvironments","z3",117,47,194,228,0.03,2437.12,41,"correct"
"Project_MembershipController__edit","invariant userEventsHaveUsers","z3",117,47,194,228,0.03,2437.12,47,"correct"
"Project_MembershipController__edit","invariant userEventsHaveEvents","z3",117,47,194,228,0.02,2437.12,47,"correct"
"Project_MembershipController__edit","invariant watchesHaveUsers","z3",117,47,194,228,0.02,2437.12,42,"correct"
"Project_MembershipController__edit","invariant watchesHaveBugs","z3",117,47,194,228,0.03,2437.12,42,"correct"
"Project_MembershipController__join","invariant commentsHaveBugs","z3",261,47,201,324,0.05,3604.48,276,"correct"
"Project_MembershipController__join","invariant deploysHaveEnvironments","z3",261,47,201,324,0.02,3706.88,289,"correct"
"Project_MembershipController__join","invariant deviceBugsHaveBugs","z3",261,47,201,324,0.04,3604.48,276,"correct"
"Project_MembershipController__join","invariant emailsHaveUsers","z3",261,47,201,324,0.05,3594.24,284,"correct"
"Project_MembershipController__join","invariant environmentsHaveProjects","z3",261,47,201,324,0.05,3604.48,288,"correct"
"Project_MembershipController__join","invariant eventsHaveBugs","z3",261,47,201,324,0.03,3604.48,276,"correct"
"Project_MembershipController__join","invariant membershipsHaveUsers","z3",261,47,201,324,0.05,3696.64,304,"correct"
"Project_MembershipController__join","invariant membershipsHaveProjects","z3",261,47,201,324,0.04,3696.64,300,"correct"
"Project_MembershipController__join","invariant notificationThresholdsHaveUsers","z3",261,47,201,324,0.05,3696.64,295,"correct"
"Project_MembershipController__join","invariant notificationThresholdsHaveBugs","z3",261,47,201,324,0.05,3594.24,287,"correct"
"Project_MembershipController__join","invariant obfuscationMapsHaveDeploys","z3",261,47,201,324,0.05,3686.4,289,"correct"
"Project_MembershipController__join","invariant occurrencesHaveBugs","z3",261,47,201,324,0.05,3594.24,276,"correct"
"Project_MembershipController__join","invariant projectsHaveOwners","z3",261,47,201,324,0.04,3604.48,285,"correct"
"Project_MembershipController__join","invariant sourceMapsHaveEnvironments","z3",261,47,201,324,0.03,3696.64,289,"correct"
"Project_MembershipController__join","invariant userEventsHaveUsers","z3",261,47,201,324,0.05,3696.64,303,"correct"
"Project_MembershipController__join","invariant userEventsHaveEvents","z3",261,47,201,324,0.05,3696.64,295,"correct"
"Project_MembershipController__join","invariant watchesHaveUsers","z3",261,47,201,324,0.03,3696.64,295,"correct"
"Project_MembershipController__join","invariant watchesHaveBugs","z3",261,47,201,324,0.04,3594.24,287,"correct"
"Project_MembershipController__update","invariant commentsHaveBugs","z3",117,47,194,228,0.03,2334.72,36,"correct"
"Project_MembershipController__update","invariant deploysHaveEnvironments","z3",117,47,194,228,0.03,2437.12,41,"correct"
"Project_MembershipController__update","invariant deviceBugsHaveBugs","z3",117,47,194,228,0.01,2334.72,36,"correct"
"Project_MembershipController__update","invariant emailsHaveUsers","z3",117,47,194,228,0.03,2334.72,36,"correct"
"Project_MembershipController__update","invariant environmentsHaveProjects","z3",117,47,194,228,0.03,2437.12,41,"correct"
"Project_MembershipController__update","invariant eventsHaveBugs","z3",117,47,194,228,0.03,2334.72,36,"correct"
"Project_MembershipController__update","invariant membershipsHaveUsers","z3",117,47,194,228,0.02,2437.12,49,"correct"
"Project_MembershipController__update","invariant membershipsHaveProjects","z3",117,47,194,228,0.02,2437.12,49,"correct"
"Project_MembershipController__update","invariant notificationThresholdsHaveUsers","z3",117,47,194,229,0.02,2437.12,42,"correct"
"Project_MembershipController__update","invariant notificationThresholdsHaveBugs","z3",117,47,194,228,0.03,2437.12,42,"correct"
"Project_MembershipController__update","invariant obfuscationMapsHaveDeploys","z3",117,47,194,228,0.01,2437.12,41,"correct"
"Project_MembershipController__update","invariant occurrencesHaveBugs","z3",117,47,194,228,0.01,2334.72,36,"correct"
"Project_MembershipController__update","invariant projectsHaveOwners","z3",117,47,194,228,0.01,2437.12,36,"correct"
"Project_MembershipController__update","invariant sourceMapsHaveEnvironments","z3",117,47,194,228,0.03,2437.12,41,"correct"
"Project_MembershipController__update","invariant userEventsHaveUsers","z3",117,47,194,228,0.02,2437.12,47,"correct"
"Project_MembershipController__update","invariant userEventsHaveEvents","z3",117,47,194,228,0.03,2437.12,47,"correct"
"Project_MembershipController__update","invariant watchesHaveUsers","z3",117,47,194,228,0.02,2437.12,42,"correct"
"Project_MembershipController__update","invariant watchesHaveBugs","z3",117,47,194,228,0.03,2437.12,42,"correct"
"Project_MembershipsController__create","invariant commentsHaveBugs","z3",120,47,198,229,0.02,2344.96,21,"correct"
"Project_MembershipsController__create","invariant deploysHaveEnvironments","z3",120,47,198,229,0.03,2344.96,26,"correct"
"Project_MembershipsController__create","invariant deviceBugsHaveBugs","z3",120,47,198,229,0.03,2344.96,21,"correct"
"Project_MembershipsController__create","invariant emailsHaveUsers","z3",120,47,198,229,0.01,2344.96,21,"correct"
"Project_MembershipsController__create","invariant environmentsHaveProjects","z3",120,47,198,229,0.03,2344.96,26,"correct"
"Project_MembershipsController__create","invariant eventsHaveBugs","z3",120,47,198,229,0.03,2344.96,21,"correct"
"Project_MembershipsController__create","invariant membershipsHaveUsers","z3",120,47,198,229,0.11,6256.64,763,"incorrect"
"Project_MembershipsController__create","invariant membershipsHaveProjects","z3",120,47,198,230,0.05,4587.52,149,"correct"
"Project_MembershipsController__create","invariant notificationThresholdsHaveUsers","z3",120,47,198,230,0.01,2344.96,27,"correct"
"Project_MembershipsController__create","invariant notificationThresholdsHaveBugs","z3",120,47,198,230,0.02,2344.96,27,"correct"
"Project_MembershipsController__create","invariant obfuscationMapsHaveDeploys","z3",120,47,198,229,0.03,2344.96,26,"correct"
"Project_MembershipsController__create","invariant occurrencesHaveBugs","z3",120,47,198,229,0.01,2344.96,21,"correct"
"Project_MembershipsController__create","invariant projectsHaveOwners","z3",120,47,198,229,0.03,2344.96,21,"correct"
"Project_MembershipsController__create","invariant sourceMapsHaveEnvironments","z3",120,47,198,229,0.03,2344.96,26,"correct"
"Project_MembershipsController__create","invariant userEventsHaveUsers","z3",120,47,198,229,0.03,2344.96,32,"correct"
"Project_MembershipsController__create","invariant userEventsHaveEvents","z3",120,47,198,229,0.02,2344.96,32,"correct"
"Project_MembershipsController__create","invariant watchesHaveUsers","z3",120,47,198,229,0.03,2344.96,27,"correct"
"Project_MembershipsController__create","invariant watchesHaveBugs","z3",120,47,198,229,0.03,2344.96,27,"correct"
"Project_MembershipsController__destroy","invariant commentsHaveBugs","z3",262,47,199,325,0.05,3584.0,310,"correct"
"Project_MembershipsController__destroy","invariant deploysHaveEnvironments","z3",262,47,199,325,0.04,3584.0,336,"correct"
"Project_MembershipsController__destroy","invariant deviceBugsHaveBugs","z3",262,47,199,325,0.04,3584.0,310,"correct"
"Project_MembershipsController__destroy","invariant emailsHaveUsers","z3",262,47,199,325,0.05,3584.0,322,"correct"
"Project_MembershipsController__destroy","invariant environmentsHaveProjects","z3",262,47,199,325,0.03,3584.0,338,"correct"
"Project_MembershipsController__destroy","invariant eventsHaveBugs","z3",262,47,199,325,0.05,3584.0,310,"correct"
"Project_MembershipsController__destroy","invariant membershipsHaveUsers","z3",262,47,199,325,0.05,3676.16,370,"correct"
"Project_MembershipsController__destroy","invariant membershipsHaveProjects","z3",262,47,199,325,0.05,3686.4,370,"correct"
"Project_MembershipsController__destroy","invariant notificationThresholdsHaveUsers","z3",262,47,199,326,0.05,3584.0,344,"correct"
"Project_MembershipsController__destroy","invariant notificationThresholdsHaveBugs","z3",262,47,199,326,0.05,3584.0,332,"correct"
"Project_MembershipsController__destroy","invariant obfuscationMapsHaveDeploys","z3",262,47,199,325,0.04,3584.0,336,"correct"
"Project_MembershipsController__destroy","invariant occurrencesHaveBugs","z3",262,47,199,325,0.04,3584.0,310,"correct"
"Project_MembershipsController__destroy","invariant projectsHaveOwners","z3",262,47,199,325,0.05,3594.24,324,"correct"
"Project_MembershipsController__destroy","invariant sourceMapsHaveEnvironments","z3",262,47,199,325,0.05,3584.0,336,"correct"
"Project_MembershipsController__destroy","invariant userEventsHaveUsers","z3",262,47,199,325,0.05,3584.0,360,"correct"
"Project_MembershipsController__destroy","invariant userEventsHaveEvents","z3",262,47,199,325,0.05,3584.0,348,"correct"
"Project_MembershipsController__destroy","invariant watchesHaveUsers","z3",262,47,199,325,0.05,3584.0,344,"correct"
"Project_MembershipsController__destroy","invariant watchesHaveBugs","z3",262,47,199,325,0.04,3584.0,332,"correct"
"Project_MembershipsController__index","invariant commentsHaveBugs","z3",115,47,190,230,0.03,2334.72,18,"correct"
"Project_MembershipsController__index","invariant deploysHaveEnvironments","z3",115,47,190,230,0.03,2334.72,23,"correct"
"Project_MembershipsController__index","invariant deviceBugsHaveBugs","z3",115,47,190,230,0.03,2334.72,18,"correct"
"Project_MembershipsController__index","invariant emailsHaveUsers","z3",115,47,190,230,0.02,2334.72,18,"correct"
"Project_MembershipsController__index","invariant environmentsHaveProjects","z3",115,47,190,230,0.02,2334.72,23,"correct"
"Project_MembershipsController__index","invariant eventsHaveBugs","z3",115,47,190,230,0.03,2334.72,18,"correct"
"Project_MembershipsController__index","invariant membershipsHaveUsers","z3",115,47,190,230,0.03,2334.72,29,"correct"
"Project_MembershipsController__index","invariant membershipsHaveProjects","z3",115,47,190,230,0.03,2334.72,29,"correct"
"Project_MembershipsController__index","invariant notificationThresholdsHaveUsers","z3",115,47,190,230,0.03,2334.72,24,"correct"
"Project_MembershipsController__index","invariant notificationThresholdsHaveBugs","z3",115,47,190,230,0.03,2334.72,24,"correct"
"Project_MembershipsController__index","invariant obfuscationMapsHaveDeploys","z3",115,47,190,230,0.03,2334.72,23,"correct"
"Project_MembershipsController__index","invariant occurrencesHaveBugs","z3",115,47,190,230,0.03,2334.72,18,"correct"
"Project_MembershipsController__index","invariant projectsHaveOwners","z3",115,47,190,230,0.01,2334.72,18,"correct"
"Project_MembershipsController__index","invariant sourceMapsHaveEnvironments","z3",115,47,190,230,0.03,2334.72,23,"correct"
"Project_MembershipsController__index","invariant userEventsHaveUsers","z3",115,47,190,230,0.02,2334.72,29,"correct"
"Project_MembershipsController__index","invariant userEventsHaveEvents","z3",115,47,190,230,0.03,2334.72,29,"correct"
"Project_MembershipsController__index","invariant watchesHaveUsers","z3",115,47,190,230,0.02,2334.72,24,"correct"
"Project_MembershipsController__index","invariant watchesHaveBugs","z3",115,47,190,230,0.02,2334.72,24,"correct"
"Project_MembershipsController__update","invariant commentsHaveBugs","z3",117,47,194,228,0.03,2437.12,42,"correct"
"Project_MembershipsController__update","invariant deploysHaveEnvironments","z3",117,47,194,228,0.01,2437.12,47,"correct"
"Project_MembershipsController__update","invariant deviceBugsHaveBugs","z3",117,47,194,228,0.03,2437.12,42,"correct"
"Project_MembershipsController__update","invariant emailsHaveUsers","z3",117,47,194,228,0.02,2437.12,42,"correct"
"Project_MembershipsController__update","invariant environmentsHaveProjects","z3",117,47,194,228,0.01,2447.36,47,"correct"
"Project_MembershipsController__update","invariant eventsHaveBugs","z3",117,47,194,228,0.03,2437.12,42,"correct"
"Project_MembershipsController__update","invariant membershipsHaveUsers","z3",117,47,194,228,0.02,2437.12,53,"correct"
"Project_MembershipsController__update","invariant membershipsHaveProjects","z3",117,47,194,228,0.02,2437.12,53,"correct"
"Project_MembershipsController__update","invariant notificationThresholdsHaveUsers","z3",117,47,194,229,0.03,2437.12,48,"correct"
"Project_MembershipsController__update","invariant notificationThresholdsHaveBugs","z3",117,47,194,229,0.03,2437.12,48,"correct"
"Project_MembershipsController__update","invariant obfuscationMapsHaveDeploys","z3",117,47,194,228,0.01,2437.12,47,"correct"
"Project_MembershipsController__update","invariant occurrencesHaveBugs","z3",117,47,194,228,0.03,2437.12,42,"correct"
"Project_MembershipsController__update","invariant projectsHaveOwners","z3",117,47,194,228,0.02,2437.12,42,"correct"
"Project_MembershipsController__update","invariant sourceMapsHaveEnvironments","z3",117,47,194,228,0.03,2437.12,47,"correct"
"Project_MembershipsController__update","invariant userEventsHaveUsers","z3",117,47,194,228,0.03,2437.12,53,"correct"
"Project_MembershipsController__update","invariant userEventsHaveEvents","z3",117,47,194,228,0.03,2437.12,53,"correct"
"Project_MembershipsController__update","invariant watchesHaveUsers","z3",117,47,194,228,0.02,2437.12,48,"correct"
"Project_MembershipsController__update","invariant watchesHaveBugs","z3",117,47,194,228,0.02,2437.12,48,"correct"
"ProjectsController__create","invariant commentsHaveBugs","z3",118,47,194,234,0.03,2365.44,10,"correct"
"ProjectsController__create","invariant deploysHaveEnvironments","z3",118,47,194,234,0.01,2365.44,15,"correct"
"ProjectsController__create","invariant deviceBugsHaveBugs","z3",118,47,194,234,0.03,2365.44,10,"correct"
"ProjectsController__create","invariant emailsHaveUsers","z3",118,47,194,234,0.03,2365.44,10,"correct"
"ProjectsController__create","invariant environmentsHaveProjects","z3",118,47,194,234,0.03,2344.96,17,"correct"
"ProjectsController__create","invariant eventsHaveBugs","z3",118,47,194,234,0.03,2365.44,10,"correct"
"ProjectsController__create","invariant membershipsHaveUsers","z3",118,47,194,234,0.02,2365.44,22,"correct"
"ProjectsController__create","invariant membershipsHaveProjects","z3",118,47,194,234,0.03,2344.96,23,"correct"
"ProjectsController__create","invariant notificationThresholdsHaveUsers","z3",118,47,194,234,0.03,2365.44,16,"correct"
"ProjectsController__create","invariant notificationThresholdsHaveBugs","z3",118,47,194,234,0.03,2365.44,16,"correct"
"ProjectsController__create","invariant obfuscationMapsHaveDeploys","z3",118,47,194,234,0.02,2365.44,15,"correct"
"ProjectsController__create","invariant occurrencesHaveBugs","z3",118,47,194,234,0.02,2365.44,10,"correct"
"ProjectsController__create","invariant projectsHaveOwners","z3",118,47,194,234,0.03,4577.28,131,"correct"
"ProjectsController__create","invariant sourceMapsHaveEnvironments","z3",118,47,194,234,0.03,2375.68,15,"correct"
"ProjectsController__create","invariant userEventsHaveUsers","z3",118,47,194,234,0.02,2365.44,21,"correct"
"ProjectsController__create","invariant userEventsHaveEvents","z3",118,47,194,234,0.03,2365.44,21,"correct"
"ProjectsController__create","invariant watchesHaveUsers","z3",118,47,194,234,0.02,2365.44,16,"correct"
"ProjectsController__create","invariant watchesHaveBugs","z3",118,47,194,234,0.02,2365.44,16,"correct"
"ProjectsController__destroy","invariant commentsHaveBugs","z3",137,47,202,239,0.03,2478.08,21,"correct"
"ProjectsController__destroy","invariant deploysHaveEnvironments","z3",137,47,202,239,0.07,5662.72,817,"incorrect"
"ProjectsController__destroy","invariant deviceBugsHaveBugs","z3",137,47,202,239,0.01,2478.08,21,"correct"
"ProjectsController__destroy","invariant emailsHaveUsers","z3",137,47,202,239,0.02,2478.08,29,"correct"
"ProjectsController__destroy","invariant environmentsHaveProjects","z3",137,47,202,239,0.03,2580.48,46,"correct"
"ProjectsController__destroy","invariant eventsHaveBugs","z3",137,47,202,239,0.02,2478.08,21,"correct"
"ProjectsController__destroy","invariant membershipsHaveUsers","z3",137,47,202,239,0.01,2580.48,43,"correct"
"ProjectsController__destroy","invariant membershipsHaveProjects","z3",137,47,202,239,0.04,2580.48,55,"correct"
"ProjectsController__destroy","invariant notificationThresholdsHaveUsers","z3",137,47,202,239,0.03,2478.08,27,"correct"
"ProjectsController__destroy","invariant notificationThresholdsHaveBugs","z3",137,47,202,239,0.03,2478.08,27,"correct"
"ProjectsController__destroy","invariant obfuscationMapsHaveDeploys","z3",137,47,202,239,0.02,2478.08,26,"correct"
"ProjectsController__destroy","invariant occurrencesHaveBugs","z3",137,47,202,239,0.03,2478.08,21,"correct"
"ProjectsController__destroy","invariant projectsHaveOwners","z3",137,47,202,239,0.02,2478.08,31,"correct"
"ProjectsController__destroy","invariant sourceMapsHaveEnvironments","z3",137,47,202,239,0.04,5447.68,734,"incorrect"
"ProjectsController__destroy","invariant userEventsHaveUsers","z3",137,47,202,239,0.02,2467.84,32,"correct"
"ProjectsController__destroy","invariant userEventsHaveEvents","z3",137,47,202,239,0.02,2467.84,32,"correct"
"ProjectsController__destroy","invariant watchesHaveUsers","z3",137,47,202,239,0.03,2467.84,27,"correct"
"ProjectsController__destroy","invariant watchesHaveBugs","z3",137,47,202,239,0.02,2467.84,27,"correct"
"ProjectsController__edit","invariant commentsHaveBugs","z3",115,47,190,230,0.02,2334.72,18,"correct"
"ProjectsController__edit","invariant deploysHaveEnvironments","z3",115,47,190,230,0.03,2334.72,23,"correct"
"ProjectsController__edit","invariant deviceBugsHaveBugs","z3",115,47,190,230,0.03,2334.72,18,"correct"
"ProjectsController__edit","invariant emailsHaveUsers","z3",115,47,190,230,0.03,2334.72,18,"correct"
"ProjectsController__edit","invariant environmentsHaveProjects","z3",115,47,190,230,0.03,2334.72,23,"correct"
"ProjectsController__edit","invariant eventsHaveBugs","z3",115,47,190,230,0.03,2334.72,18,"correct"
"ProjectsController__edit","invariant membershipsHaveUsers","z3",115,47,190,230,0.03,2334.72,29,"correct"
"ProjectsController__edit","invariant membershipsHaveProjects","z3",115,47,190,230,0.01,2334.72,29,"correct"
"ProjectsController__edit","invariant notificationThresholdsHaveUsers","z3",115,47,190,230,0.02,2334.72,24,"correct"
"ProjectsController__edit","invariant notificationThresholdsHaveBugs","z3",115,47,190,230,0.01,2334.72,24,"correct"
"ProjectsController__edit","invariant obfuscationMapsHaveDeploys","z3",115,47,190,230,0.03,2334.72,23,"correct"
"ProjectsController__edit","invariant occurrencesHaveBugs","z3",115,47,190,230,0.02,2334.72,18,"correct"
"ProjectsController__edit","invariant projectsHaveOwners","z3",115,47,190,230,0.01,2334.72,18,"correct"
"ProjectsController__edit","invariant sourceMapsHaveEnvironments","z3",115,47,190,230,0.03,2334.72,23,"correct"
"ProjectsController__edit","invariant userEventsHaveUsers","z3",115,47,190,230,0.01,2334.72,29,"correct"
"ProjectsController__edit","invariant userEventsHaveEvents","z3",115,47,190,230,0.03,2334.72,29,"correct"
"ProjectsController__edit","invariant watchesHaveUsers","z3",115,47,190,230,0.03,2334.72,24,"correct"
"ProjectsController__edit","invariant watchesHaveBugs","z3",115,47,190,230,0.03,2334.72,24,"correct"
"ProjectsController__index","invariant commentsHaveBugs","z3",113,47,186,233,0.03,2242.56,8,"correct"
"ProjectsController__index","invariant deploysHaveEnvironments","z3",113,47,186,233,0.02,2242.56,13,"correct"
"ProjectsController__index","invariant deviceBugsHaveBugs","z3",113,47,186,233,0.03,2242.56,8,"correct"
"ProjectsController__index","invariant emailsHaveUsers","z3",113,47,186,233,0.02,2242.56,8,"correct"
"ProjectsController__index","invariant environmentsHaveProjects","z3",113,47,186,233,0.01,2242.56,13,"correct"
"ProjectsController__index","invariant eventsHaveBugs","z3",113,47,186,233,0.03,2242.56,8,"correct"
"ProjectsController__index","invariant membershipsHaveUsers","z3",113,47,186,233,0.03,2242.56,19,"correct"
"ProjectsController__index","invariant membershipsHaveProjects","z3",113,47,186,233,0.01,2242.56,19,"correct"
"ProjectsController__index","invariant notificationThresholdsHaveUsers","z3",113,47,186,234,0.01,2242.56,14,"correct"
"ProjectsController__index","invariant notificationThresholdsHaveBugs","z3",113,47,186,234,0.01,2242.56,14,"correct"
"ProjectsController__index","invariant obfuscationMapsHaveDeploys","z3",113,47,186,233,0.01,2242.56,13,"correct"
"ProjectsController__index","invariant occurrencesHaveBugs","z3",113,47,186,233,0.03,2242.56,8,"correct"
"ProjectsController__index","invariant projectsHaveOwners","z3",113,47,186,233,0.03,2242.56,8,"correct"
"ProjectsController__index","invariant sourceMapsHaveEnvironments","z3",113,47,186,233,0.01,2242.56,13,"correct"
"ProjectsController__index","invariant userEventsHaveUsers","z3",113,47,186,233,0.03,2242.56,19,"correct"
"ProjectsController__index","invariant userEventsHaveEvents","z3",113,47,186,233,0.01,2242.56,19,"correct"
"ProjectsController__index","invariant watchesHaveUsers","z3",113,47,186,233,0.03,2242.56,14,"correct"
"ProjectsController__index","invariant watchesHaveBugs","z3",113,47,186,233,0.02,2242.56,14,"correct"
"ProjectsController__rekey","invariant commentsHaveBugs","z3",115,47,190,230,0.03,2334.72,18,"correct"
"ProjectsController__rekey","invariant deploysHaveEnvironments","z3",115,47,190,230,0.02,2334.72,23,"correct"
"ProjectsController__rekey","invariant deviceBugsHaveBugs","z3",115,47,190,230,0.03,2334.72,18,"correct"
"ProjectsController__rekey","invariant emailsHaveUsers","z3",115,47,190,230,0.01,2334.72,18,"correct"
"ProjectsController__rekey","invariant environmentsHaveProjects","z3",115,47,190,230,0.03,2334.72,23,"correct"
"ProjectsController__rekey","invariant eventsHaveBugs","z3",115,47,190,230,0.01,2334.72,18,"correct"
"ProjectsController__rekey","invariant membershipsHaveUsers","z3",115,47,190,230,0.02,2334.72,29,"correct"
"ProjectsController__rekey","invariant membershipsHaveProjects","z3",115,47,190,230,0.02,2334.72,29,"correct"
"ProjectsController__rekey","invariant notificationThresholdsHaveUsers","z3",115,47,190,230,0.03,2334.72,24,"correct"
"ProjectsController__rekey","invariant notificationThresholdsHaveBugs","z3",115,47,190,230,0.02,2334.72,24,"correct"
"ProjectsController__rekey","invariant obfuscationMapsHaveDeploys","z3",115,47,190,230,0.03,2334.72,23,"correct"
"ProjectsController__rekey","invariant occurrencesHaveBugs","z3",115,47,190,230,0.02,2334.72,18,"correct"
"ProjectsController__rekey","invariant projectsHaveOwners","z3",115,47,190,230,0.03,2334.72,18,"correct"
"ProjectsController__rekey","invariant sourceMapsHaveEnvironments","z3",115,47,190,230,0.03,2334.72,23,"correct"
"ProjectsController__rekey","invariant userEventsHaveUsers","z3",115,47,190,230,0.03,2334.72,29,"correct"
"ProjectsController__rekey","invariant userEventsHaveEvents","z3",115,47,190,230,0.03,2334.72,29,"correct"
"ProjectsController__rekey","invariant watchesHaveUsers","z3",115,47,190,230,0.01,2334.72,24,"correct"
"ProjectsController__rekey","invariant watchesHaveBugs","z3",115,47,190,230,0.02,2334.72,24,"correct"
"ProjectsController__show","invariant commentsHaveBugs","z3",115,47,190,230,0.02,2334.72,18,"correct"
"ProjectsController__show","invariant deploysHaveEnvironments","z3",115,47,190,230,0.01,2334.72,23,"correct"
"ProjectsController__show","invariant deviceBugsHaveBugs","z3",115,47,190,230,0.02,2334.72,18,"correct"
"ProjectsController__show","invariant emailsHaveUsers","z3",115,47,190,230,0.01,2334.72,18,"correct"
"ProjectsController__show","invariant environmentsHaveProjects","z3",115,47,190,230,0.02,2334.72,23,"correct"
"ProjectsController__show","invariant eventsHaveBugs","z3",115,47,190,230,0.02,2334.72,18,"correct"
"ProjectsController__show","invariant membershipsHaveUsers","z3",115,47,190,230,0.01,2334.72,29,"correct"
"ProjectsController__show","invariant membershipsHaveProjects","z3",115,47,190,230,0.03,2334.72,29,"correct"
"ProjectsController__show","invariant notificationThresholdsHaveUsers","z3",115,47,190,230,0.02,2334.72,24,"correct"
"ProjectsController__show","invariant notificationThresholdsHaveBugs","z3",115,47,190,230,0.03,2334.72,24,"correct"
"ProjectsController__show","invariant obfuscationMapsHaveDeploys","z3",115,47,190,230,0.02,2334.72,23,"correct"
"ProjectsController__show","invariant occurrencesHaveBugs","z3",115,47,190,230,0.02,2334.72,18,"correct"
"ProjectsController__show","invariant projectsHaveOwners","z3",115,47,190,230,0.02,2334.72,18,"correct"
"ProjectsController__show","invariant sourceMapsHaveEnvironments","z3",115,47,190,230,0.03,2334.72,23,"correct"
"ProjectsController__show","invariant userEventsHaveUsers","z3",115,47,190,230,0.03,2334.72,29,"correct"
"ProjectsController__show","invariant userEventsHaveEvents","z3",115,47,190,230,0.03,2334.72,29,"correct"
"ProjectsController__show","invariant watchesHaveUsers","z3",115,47,190,230,0.03,2334.72,24,"correct"
"ProjectsController__show","invariant watchesHaveBugs","z3",115,47,190,230,0.02,2334.72,24,"correct"
"ProjectsController__update","invariant commentsHaveBugs","z3",115,47,190,230,0.02,2334.72,18,"correct"
"ProjectsController__update","invariant deploysHaveEnvironments","z3",115,47,190,230,0.01,2334.72,23,"correct"
"ProjectsController__update","invariant deviceBugsHaveBugs","z3",115,47,190,230,0.01,2334.72,18,"correct"
"ProjectsController__update","invariant emailsHaveUsers","z3",115,47,190,230,0.03,2334.72,18,"correct"
"ProjectsController__update","invariant environmentsHaveProjects","z3",115,47,190,230,0.02,2334.72,23,"correct"
"ProjectsController__update","invariant eventsHaveBugs","z3",115,47,190,230,0.03,2334.72,18,"correct"
"ProjectsController__update","invariant membershipsHaveUsers","z3",115,47,190,230,0.03,2334.72,29,"correct"
"ProjectsController__update","invariant membershipsHaveProjects","z3",115,47,190,230,0.01,2334.72,29,"correct"
"ProjectsController__update","invariant notificationThresholdsHaveUsers","z3",115,47,190,230,0.02,2334.72,24,"correct"
"ProjectsController__update","invariant notificationThresholdsHaveBugs","z3",115,47,190,230,0.02,2334.72,24,"correct"
"ProjectsController__update","invariant obfuscationMapsHaveDeploys","z3",115,47,190,230,0.03,2334.72,23,"correct"
"ProjectsController__update","invariant occurrencesHaveBugs","z3",115,47,190,230,0.03,2334.72,18,"correct"
"ProjectsController__update","invariant projectsHaveOwners","z3",115,47,190,230,0.02,2334.72,18,"correct"
"ProjectsController__update","invariant sourceMapsHaveEnvironments","z3",115,47,190,230,0.02,2334.72,23,"correct"
"ProjectsController__update","invariant userEventsHaveUsers","z3",115,47,190,230,0.03,2334.72,29,"correct"
"ProjectsController__update","invariant userEventsHaveEvents","z3",115,47,190,230,0.03,2334.72,29,"correct"
"ProjectsController__update","invariant watchesHaveUsers","z3",115,47,190,230,0.02,2334.72,24,"correct"
"ProjectsController__update","invariant watchesHaveBugs","z3",115,47,190,230,0.02,2334.72,24,"correct"
"SearchController__search","invariant commentsHaveBugs","z3",113,47,186,233,0.03,2242.56,8,"correct"
"SearchController__search","invariant deploysHaveEnvironments","z3",113,47,186,233,0.03,2242.56,13,"correct"
"SearchController__search","invariant deviceBugsHaveBugs","z3",113,47,186,233,0.01,2242.56,8,"correct"
"SearchController__search","invariant emailsHaveUsers","z3",113,47,186,233,0.02,2242.56,8,"correct"
"SearchController__search","invariant environmentsHaveProjects","z3",113,47,186,233,0.03,2242.56,13,"correct"
"SearchController__search","invariant eventsHaveBugs","z3",113,47,186,233,0.02,2242.56,8,"correct"
"SearchController__search","invariant membershipsHaveUsers","z3",113,47,186,233,0.03,2242.56,19,"correct"
"SearchController__search","invariant membershipsHaveProjects","z3",113,47,186,233,0.03,2242.56,19,"correct"
"SearchController__search","invariant notificationThresholdsHaveUsers","z3",113,47,186,234,0.03,2242.56,14,"correct"
"SearchController__search","invariant notificationThresholdsHaveBugs","z3",113,47,186,234,0.02,2242.56,14,"correct"
"SearchController__search","invariant obfuscationMapsHaveDeploys","z3",113,47,186,233,0.01,2242.56,13,"correct"
"SearchController__search","invariant occurrencesHaveBugs","z3",113,47,186,233,0.02,2242.56,8,"correct"
"SearchController__search","invariant projectsHaveOwners","z3",113,47,186,233,0.02,2242.56,8,"correct"
"SearchController__search","invariant sourceMapsHaveEnvironments","z3",113,47,186,233,0.03,2242.56,13,"correct"
"SearchController__search","invariant userEventsHaveUsers","z3",113,47,186,233,0.01,2242.56,19,"correct"
"SearchController__search","invariant userEventsHaveEvents","z3",113,47,186,233,0.02,2242.56,19,"correct"
"SearchController__search","invariant watchesHaveUsers","z3",113,47,186,233,0.02,2242.56,14,"correct"
"SearchController__search","invariant watchesHaveBugs","z3",113,47,186,233,0.03,2242.56,14,"correct"
"SearchController__suggestions","invariant commentsHaveBugs","z3",113,47,186,233,0.03,2242.56,8,"correct"
"SearchController__suggestions","invariant deploysHaveEnvironments","z3",113,47,186,233,0.02,2242.56,13,"correct"
"SearchController__suggestions","invariant deviceBugsHaveBugs","z3",113,47,186,233,0.01,2242.56,8,"correct"
"SearchController__suggestions","invariant emailsHaveUsers","z3",113,47,186,233,0.03,2242.56,8,"correct"
"SearchController__suggestions","invariant environmentsHaveProjects","z3",113,47,186,233,0.03,2242.56,13,"correct"
"SearchController__suggestions","invariant eventsHaveBugs","z3",113,47,186,233,0.02,2242.56,8,"correct"
"SearchController__suggestions","invariant membershipsHaveUsers","z3",113,47,186,233,0.01,2242.56,19,"correct"
"SearchController__suggestions","invariant membershipsHaveProjects","z3",113,47,186,233,0.02,2242.56,19,"correct"
"SearchController__suggestions","invariant notificationThresholdsHaveUsers","z3",113,47,186,234,0.03,2242.56,14,"correct"
"SearchController__suggestions","invariant notificationThresholdsHaveBugs","z3",113,47,186,234,0.02,2242.56,14,"correct"
"SearchController__suggestions","invariant obfuscationMapsHaveDeploys","z3",113,47,186,233,0.03,2242.56,13,"correct"
"SearchController__suggestions","invariant occurrencesHaveBugs","z3",113,47,186,233,0.02,2242.56,8,"correct"
"SearchController__suggestions","invariant projectsHaveOwners","z3",113,47,186,233,0.03,2242.56,8,"correct"
"SearchController__suggestions","invariant sourceMapsHaveEnvironments","z3",113,47,186,233,0.03,2242.56,13,"correct"
"SearchController__suggestions","invariant userEventsHaveUsers","z3",113,47,186,233,0.03,2242.56,19,"correct"
"SearchController__suggestions","invariant userEventsHaveEvents","z3",113,47,186,233,0.03,2242.56,19,"correct"
"SearchController__suggestions","invariant watchesHaveUsers","z3",113,47,186,233,0.02,2242.56,14,"correct"
"SearchController__suggestions","invariant watchesHaveBugs","z3",113,47,186,233,0.03,2242.56,14,"correct"
"UsersController__create","invariant commentsHaveBugs","z3",113,47,187,232,0.01,1505.28,0,"correct"
"UsersController__create","invariant deploysHaveEnvironments","z3",113,47,187,232,0.01,1505.28,0,"correct"
"UsersController__create","invariant deviceBugsHaveBugs","z3",113,47,187,232,0.0,1505.28,0,"correct"
"UsersController__create","invariant emailsHaveUsers","z3",113,47,187,232,0.0,1505.28,0,"correct"
"UsersController__create","invariant environmentsHaveProjects","z3",113,47,187,232,0.01,1505.28,0,"correct"
"UsersController__create","invariant eventsHaveBugs","z3",113,47,187,232,0.01,1505.28,0,"correct"
"UsersController__create","invariant membershipsHaveUsers","z3",113,47,187,232,0.01,1505.28,0,"correct"
"UsersController__create","invariant membershipsHaveProjects","z3",113,47,187,232,0.0,1505.28,0,"correct"
"UsersController__create","invariant notificationThresholdsHaveUsers","z3",113,47,187,232,0.01,1505.28,0,"correct"
"UsersController__create","invariant notificationThresholdsHaveBugs","z3",113,47,187,232,0.01,1505.28,0,"correct"
"UsersController__create","invariant obfuscationMapsHaveDeploys","z3",113,47,187,232,0.01,1505.28,0,"correct"
"UsersController__create","invariant occurrencesHaveBugs","z3",113,47,187,232,0.0,1505.28,0,"correct"
"UsersController__create","invariant projectsHaveOwners","z3",113,47,187,232,0.01,1505.28,0,"correct"
"UsersController__create","invariant sourceMapsHaveEnvironments","z3",113,47,187,232,0.0,1505.28,0,"correct"
"UsersController__create","invariant userEventsHaveUsers","z3",113,47,187,232,0.0,1505.28,0,"correct"
"UsersController__create","invariant userEventsHaveEvents","z3",113,47,187,232,0.01,1505.28,0,"correct"
"UsersController__create","invariant watchesHaveUsers","z3",113,47,187,232,0.01,1505.28,0,"correct"
"UsersController__create","invariant watchesHaveBugs","z3",113,47,187,232,0.01,1505.28,0,"correct"
"UsersController__index","invariant commentsHaveBugs","z3",268,47,202,322,0.05,3512.32,231,"correct"
"UsersController__index","invariant deploysHaveEnvironments","z3",268,47,202,322,0.04,3512.32,257,"correct"
"UsersController__index","invariant deviceBugsHaveBugs","z3",268,47,202,322,0.04,3512.32,231,"correct"
"UsersController__index","invariant emailsHaveUsers","z3",268,47,202,322,0.05,3604.48,281,"correct"
"UsersController__index","invariant environmentsHaveProjects","z3",268,47,202,322,0.05,3512.32,248,"correct"
"UsersController__index","invariant eventsHaveBugs","z3",268,47,202,322,0.02,3512.32,231,"correct"
"UsersController__index","invariant membershipsHaveUsers","z3",268,47,202,322,0.05,3706.88,327,"correct"
"UsersController__index","invariant membershipsHaveProjects","z3",268,47,202,322,0.03,3512.32,270,"correct"
"UsersController__index","invariant notificationThresholdsHaveUsers","z3",268,47,202,322,0.05,3614.72,301,"correct"
"UsersController__index","invariant notificationThresholdsHaveBugs","z3",268,47,202,322,0.05,3512.32,253,"correct"
"UsersController__index","invariant obfuscationMapsHaveDeploys","z3",268,47,202,322,0.05,3512.32,257,"correct"
"UsersController__index","invariant occurrencesHaveBugs","z3",268,47,202,322,0.05,3512.32,231,"correct"
"UsersController__index","invariant projectsHaveOwners","z3",268,47,202,322,0.05,3604.48,281,"correct"
"UsersController__index","invariant sourceMapsHaveEnvironments","z3",268,47,202,322,0.05,3512.32,257,"correct"
"UsersController__index","invariant userEventsHaveUsers","z3",268,47,202,322,0.03,3614.72,321,"correct"
"UsersController__index","invariant userEventsHaveEvents","z3",268,47,202,322,0.05,3512.32,269,"correct"
"UsersController__index","invariant watchesHaveUsers","z3",268,47,202,322,0.03,3614.72,303,"correct"
"UsersController__index","invariant watchesHaveBugs","z3",268,47,202,322,0.04,3512.32,253,"correct"
"UsersController__show","invariant commentsHaveBugs","z3",115,47,190,230,0.03,2334.72,13,"correct"
"UsersController__show","invariant deploysHaveEnvironments","z3",115,47,190,230,0.02,2344.96,18,"correct"
"UsersController__show","invariant deviceBugsHaveBugs","z3",115,47,190,230,0.01,2334.72,13,"correct"
"UsersController__show","invariant emailsHaveUsers","z3",115,47,190,230,0.01,2334.72,13,"correct"
"UsersController__show","invariant environmentsHaveProjects","z3",115,47,190,230,0.01,2334.72,18,"correct"
"UsersController__show","invariant eventsHaveBugs","z3",115,47,190,230,0.02,2334.72,13,"correct"
"UsersController__show","invariant membershipsHaveUsers","z3",115,47,190,230,0.03,2334.72,24,"correct"
"UsersController__show","invariant membershipsHaveProjects","z3",115,47,190,230,0.02,2334.72,24,"correct"
"UsersController__show","invariant notificationThresholdsHaveUsers","z3",115,47,190,230,0.02,2334.72,19,"correct"
"UsersController__show","invariant notificationThresholdsHaveBugs","z3",115,47,190,230,0.02,2334.72,19,"correct"
"UsersController__show","invariant obfuscationMapsHaveDeploys","z3",115,47,190,230,0.02,2334.72,18,"correct"
"UsersController__show","invariant occurrencesHaveBugs","z3",115,47,190,230,0.02,2334.72,13,"correct"
"UsersController__show","invariant projectsHaveOwners","z3",115,47,190,230,0.01,2334.72,13,"correct"
"UsersController__show","invariant sourceMapsHaveEnvironments","z3",115,47,190,230,0.01,2344.96,18,"correct"
"UsersController__show","invariant userEventsHaveUsers","z3",115,47,190,230,0.02,2334.72,24,"correct"
"UsersController__show","invariant userEventsHaveEvents","z3",115,47,190,230,0.02,2334.72,24,"correct"
"UsersController__show","invariant watchesHaveUsers","z3",115,47,190,230,0.01,2334.72,19,"correct"
"UsersController__show","invariant watchesHaveBugs","z3",115,47,190,230,0.01,2334.72,19,"correct"
